lk,variable,imp_fold1,imp_fold2,imp_fold3,imp_fold4,imp_fold5,sum_imp
f0,scoreBinaryPcent,0.11549139367018323,0.11642387218045112,0.12371676757041326,0.10609014795274688,0.12369337979094076,0.5854155611647353
f1,ageBin,0.02109938922820655,0.0193843984962406,0.02171624111608318,0.018408074320449594,0.02148664343786295,0.10209474659884288
f2,PartII_1,0.02676290949472515,0.026668233082706768,0.022505922611213477,0.02420002293841037,0.023083623693379792,0.12322071182043556
f3,PartII_1_plus_PartII_2,0.013325930038867296,0.011043233082706766,0.020136878125822585,0.013992430324578507,0.011033681765389082,0.06953215333736423
f4,PartI_4_multiply_PartI_5,0.01254858411993337,0.011395676691729324,0.013819426164780206,0.01095309095079711,0.013501742160278746,0.062218520087518756
f5,pcent_sex_PartI_4-pcent_sex_PartII_3,0.009217101610216546,0.026903195488721804,0.029876283232429586,0.01898153457965363,0.03281068524970964,0.1177888001607312
f6,pcent_sex_PartII_1-pcent_sex_PartIII_3,0.009550249861188229,0.012335526315789474,0.008949723611476704,0.012272049546966396,0.011178861788617886,0.05428641112403869
f7,PartII_1_divided_PartII_2,0.0025541365907828985,0.00387687969924812,0.003948407475651487,0.003096685399701801,0.003774680603948897,0.017250789769333204
f8,pcent_ageBin_PartIII_3-pcent_ageBin_PartV_3,0.009439200444197668,0.007988721804511278,0.008160042116346407,0.009634132354627824,0.010307781649245064,0.045529878368928245
f9,pcent_sex_PartII_3-pcent_sex_PartV_3,0.006218767351471405,0.008341165413533835,0.009607791524085285,0.007741713499254501,0.008855981416957027,0.04076541920530205
f10,PartII_3_divided_PartII_2,0.0052193225985563575,0.006578947368421052,0.003948407475651487,0.004759720151393508,0.005516840882694541,0.026023238476716944
f11,PartII_5,0.003775680177679067,0.0042293233082706765,0.009344564359041853,0.004186259892189471,0.005516840882694541,0.027052668619875608
f12,pcent_sex_PartII_3-pcent_sex_PartV_4,0.003886729594669628,0.003289473684210526,0.0031587259805211897,0.0038995297625874525,0.003484320557491289,0.017718779579480086
f13,PartI_4,0.0017767906718489728,0.0010573308270676691,0.0015793629902605948,0.0021218029590549374,0.0013066202090592336,0.007841907657291407
f14,pcent_ageBin_PartIII_3-pcent_ageBin_PartV_2,0.007995558023320377,0.005404135338345864,0.005527770465912082,0.004300951944030278,0.003484320557491289,0.02671273632909989
f15,pcent_sex_PartI_8-pcent_sex_PartII_1,0.0032204330927262633,0.002819548872180451,0.004080021058173204,0.0031540314256222044,0.00508130081300813,0.01835533526171025
f16,pcent_sex_PartII_1,0.0032204330927262633,0.0025845864661654134,0.002237430902869176,0.0017777268035325151,0.0010162601626016261,0.010836437427894995
f17,pcent_ageBin_PartII_1,0.00699611327040533,0.001644736842105263,0.0013161358252171624,0.003096685399701801,0.006533101045296167,0.01958677238272572
f18,pcent_ageBin_PartIV_3,0.001998889505830094,0.002702067669172932,0.001710976572782311,0.0030393393737813967,0.0018873403019744484,0.011338613423541182
f19,pcent_sex_PartIII_1-pcent_sex_PartV_4,0.0035535813436979456,0.003994360902255639,0.009476177941563569,0.005505218488358757,0.010017421602787456,0.032546760278663364
f20,pcent_ageBin_PartIV_3-pcent_ageBin_PartIV_5,0.003775680177679067,0.0019971804511278194,0.002237430902869176,0.004300951944030278,0.0033391405342624854,0.015650384009968824
f21,pcent_ageBin_PartI_1-pcent_ageBin_PartV_3,0.007773459189339256,0.004699248120300752,0.00908133719399842,0.0033834155293038194,0.00856562137049942,0.033503081403441666
f22,pcent_ageBin_PartI_4-pcent_ageBin_PartII_3,0.0031093836757357025,0.0018796992481203006,0.0021058173203474598,0.002408533088656956,0.0013066202090592336,0.010810053541919652
f23,pcent_sex_PartI_4-pcent_sex_PartIII_3,0.0015546918378678512,0.0025845864661654134,0.0010529086601737299,0.0026952632182589745,0.0017421602787456446,0.009629610461211613
f24,pcent_ageBin_PartIV_4-pcent_ageBin_PartIV_5,0.0021099389228206554,0.0018796992481203006,0.0015793629902605948,0.0021218029590549374,0.0020325203252032522,0.00972332444545974
f25,pcent_ageBin_PartII_1-pcent_ageBin_PartV_5,0.004330927262631871,0.0021146616541353382,0.0015793629902605948,0.0026952632182589745,0.0023228803716608595,0.013043095496947639
f26,pcent_ageBin_PartI_1-pcent_ageBin_PartV_2,0.0024430871737923378,0.0029370300751879698,0.0019742037378257435,0.0029246473219405895,0.006968641114982578,0.01724760942372922
f27,pcent_ageBin_PartIII_2-pcent_ageBin_PartV_2,0.003442531926707385,0.0025845864661654134,0.0031587259805211897,0.0030393393737813967,0.003629500580720093,0.01585468432789548
f28,pcent_ageBin_PartIII_3-pcent_ageBin_PartV_4,0.0014436424208772905,0.0018796992481203006,0.0011845222426954461,0.0021791489849753414,0.0013066202090592336,0.007993633105727612
f29,pcent_ageBin_PartI_4-pcent_ageBin_PartIII_3,0.0018878400888395336,0.0014097744360902255,0.0019742037378257435,0.002637917192338571,0.0027584204413472705,0.010668155896441343
f30,pcent_ageBin_PartII_1-pcent_ageBin_PartII_3,0.0015546918378678512,0.0014097744360902255,0.0014477494077388786,0.0017203807776121115,0.0007259001161440186,0.006858496575453085
f31,pcent_sex_PartII_1-pcent_sex_PartV_5,0.0031093836757357025,0.001644736842105263,0.0011845222426954461,0.0018924188553733226,0.0027584204413472705,0.010589482057257004
f32,pcent_ageBin_PartIII_2-pcent_ageBin_PartV_4,0.0015546918378678512,0.002232142857142857,0.0011845222426954461,0.002809955270099782,0.0014518002322880372,0.009233112440093973
f33,pcent_ageBin_PartI_1-pcent_ageBin_PartI_3,0.001665741254858412,0.0019971804511278194,0.003290339563042906,0.0033260695033834153,0.003629500580720093,0.013908831353132646
f34,pcent_ageBin_PartI_2-pcent_ageBin_PartI_5,0.002220988339811216,0.010925751879699248,0.002895498815477757,0.005677256566119968,0.010452961672473868,0.03217245727358206
f35,pcent_ageBin_PartV_5-pcent_ageBin_PartV_7,0.0036646307606885064,0.003406954887218045,0.0036851803106080546,0.003440761555224223,0.003774680603948897,0.017972208117687724
f36,pcent_sex_PartII_2,0.0015546918378678512,0.0014097744360902255,0.001710976572782311,0.0023511870627365523,0.0024680603948896633,0.009494690304366603
f37,pcent_sex_PartI_3-pcent_sex_PartIII_3,0.0052193225985563575,0.004346804511278195,0.00802842853382469,0.0032687234774630117,0.003484320557491289,0.02434759967861354
f38,pcent_ageBin_PartIII_2-pcent_ageBin_PartV_3,0.0036646307606885064,0.001644736842105263,0.0023690444853908922,0.003440761555224223,0.003193960511033682,0.014313134154442566
f39,pcent_ageBin_PartII_3-pcent_ageBin_PartV_7,0.0036646307606885064,0.002702067669172932,0.0025006580679126085,0.0013189585961692854,0.004790940766550522,0.014977255860493855
f40,pcent_sex_PartII_4-pcent_sex_PartIII_3,0.004330927262631871,0.005639097744360902,0.004080021058173204,0.0020644569331345337,0.00624274099883856,0.02235724399713907
f41,pcent_ageBin_PartIV_2-pcent_ageBin_PartIV_3,0.000999444752915047,0.0007048872180451127,0.0009212950776520137,0.001433650648010093,0.0008710801393728223,0.004930357835995089
f42,pcent_ageBin_PartII_3-pcent_ageBin_PartV_3,0.004219877845641311,0.002349624060150376,0.002763885232956041,0.00200711090721413,0.0013066202090592336,0.01264711825502109
f43,pcent_ageBin_PartV_3-pcent_ageBin_PartV_5,0.0036646307606885064,0.002349624060150376,0.005922611213477231,0.00401422181442826,0.0023228803716608595,0.01827396822040523
f44,pcent_sex_PartIII_1-pcent_sex_PartV_3,0.0006662965019433648,0.0021146616541353382,0.0042116346406949196,0.0009175364147264595,0.0027584204413472705,0.010668549652847352
f45,pcent_ageBin_PartII_3-pcent_ageBin_PartV_2,0.0013325930038867297,0.0009398496240601503,0.0030271123979994734,0.0010895744924876707,0.0040650406504065045,0.010454170168840529
f46,pcent_ageBin_PartII_3-pcent_ageBin_PartII_4,0.0021099389228206554,0.0019971804511278194,0.0025006580679126085,0.001605688725771304,0.001596980255516841,0.009810446423149228
f47,pcent_sex_PartII_3-pcent_sex_PartV_2,0.0036646307606885064,0.001174812030075188,0.002895498815477757,0.0020644569331345337,0.003048780487804878,0.012848179027180863
f48,pcent_sex_PartI_1-pcent_sex_PartII_3,0.0018878400888395336,0.0058740601503759395,0.008554882863911555,0.0041289138662690674,0.0017421602787456446,0.02218785724814174
f49,pcent_sex_PartIII_3-pcent_sex_PartV_11,0.018989450305385895,0.020206766917293232,0.024085285601474073,0.0021791489849753414,0.018437862950058073,0.08389851475918662
f50,pcent_ageBin_PartI_1-pcent_ageBin_PartI_2,0.0082176568573015,0.004581766917293233,0.004474861805738352,0.004186259892189471,0.003193960511033682,0.024654505983556237
f51,pcent_ageBin_PartI_4-pcent_ageBin_PartV_8,0.004997223764575236,0.004111842105263158,0.0042116346406949196,0.0027526092441793786,0.003774680603948897,0.01984799035866159
f52,pcent_ageBin_PartII_2-pcent_ageBin_PartV_5,0.003331482509716824,0.0008223684210526315,0.003816793893129771,0.0026952632182589745,0.001596980255516841,0.012262888297675042
f53,pcent_ageBin_PartI_4-pcent_ageBin_PartIII_1,0.0012215435868961689,0.0018796992481203006,0.0021058173203474598,0.0013189585961692854,0.0013066202090592336,0.007832638960592449
f54,pcent_sex_PartI_4-pcent_sex_PartIII_1,0.0006662965019433648,0.00046992481203007516,0.0009212950776520137,0.0005161142332836334,0.0005807200929152149,0.003154350717824302
f55,pcent_ageBin_PartI_1-pcent_ageBin_PartI_5,0.0004441976679622432,0.0017622180451127819,0.0007896814951302974,0.001835072829452919,0.0017421602787456446,0.006573330316403886
f56,pcent_sex_PartII_1-pcent_sex_PartII_3,0.0012215435868961689,0.0007048872180451127,0.0003948407475651487,0.0010895744924876707,0.0013066202090592336,0.004717466254053334
f57,pcent_sex_PartI_1-pcent_sex_PartIII_1,0.0018878400888395336,0.0012922932330827067,0.002237430902869176,0.0022938410368161487,0.0023228803716608595,0.010034285633268424
f58,pcent_ageBin_PartI_1-pcent_ageBin_PartI_4,0.0031093836757357025,0.001644736842105263,0.0007896814951302974,0.004300951944030278,0.0021777003484320556,0.012022454305433597
f59,pcent_ageBin_PartII_2-pcent_ageBin_PartII_3,0.0003331482509716824,0.0008223684210526315,0.001710976572782311,0.0012616125702488818,0.0007259001161440186,0.004854005931199525
f60,PartI_3,0.0014436424208772905,0.001644736842105263,0.0013161358252171624,0.0012616125702488818,0.0010162601626016261,0.006682387821050224
f61,pcent_ageBin_PartI_2-pcent_ageBin_PartII_3,0.0007773459189339256,0.0021146616541353382,0.001710976572782311,0.0014909966739304966,0.0011614401858304297,0.007255421005612501
f62,pcent_ageBin_PartV_3-pcent_ageBin_PartV_7,0.0021099389228206554,0.002349624060150376,0.0009212950776520137,0.0021218029590549374,0.0007259001161440186,0.008228561135822
f63,pcent_sex_PartII_2-pcent_sex_PartII_3,0.000999444752915047,0.001174812030075188,0.0005264543300868649,0.0010322284665672669,0.001596980255516841,0.005329919835161207
f64,pcent_ageBin_PartIV_2-pcent_ageBin_PartIV_4,0.0002220988339811216,0.0007048872180451127,0.00013161358252171624,0.00045876820736322975,0.00043554006968641115,0.0019529079115975915
f65,pcent_ageBin_PartI_1-pcent_ageBin_PartII_1,0.0015546918378678512,0.001644736842105263,0.002763885232956041,0.0014909966739304966,0.0008710801393728223,0.008325390726232474
f66,pcent_sex_PartIII_1-pcent_sex_PartIII_3,0.002220988339811216,0.0021146616541353382,0.0023690444853908922,0.002637917192338571,0.0024680603948896633,0.011810672066565681
f67,pcent_sex_PartII_3-pcent_sex_PartIII_2,0.0014436424208772905,0.0019971804511278194,0.0009212950776520137,0.0013189585961692854,0.0013066202090592336,0.006987696754885643
f68,pcent_sex_PartII_2-pcent_sex_PartV_2,0.0013325930038867297,0.001174812030075188,0.0014477494077388786,0.0009748824406468631,0.0005807200929152149,0.005510756975262874
f69,pcent_sex_PartII_1-pcent_sex_PartV_1,0.003775680177679067,0.007636278195488721,0.0025006580679126085,0.001605688725771304,0.007113821138211382,0.02263212630506308
f70,pcent_ageBin_PartI_4,0.0003331482509716824,0.00011748120300751879,0.00013161358252171624,0.000401422181442826,0.0005807200929152149,0.0015643853108589583
f71,pcent_sex_PartII_3-pcent_sex_PartV_7,0.0021099389228206554,0.0012922932330827067,0.0009212950776520137,0.0015483426998509004,0.0010162601626016261,0.006888130096007902
f72,pcent_sex_PartII_2-pcent_sex_PartV_4,0.003442531926707385,0.003406954887218045,0.003290339563042906,0.0010895744924876707,0.0013066202090592336,0.01253602107851524
f73,pcent_ageBin_PartII_2-pcent_ageBin_PartV_4,0.0024430871737923378,0.0024671052631578946,0.0031587259805211897,0.0014909966739304966,0.00029036004645760743,0.009850275137859524
f74,pcent_ageBin_PartI_4-pcent_ageBin_PartV_5,0.0025541365907828985,0.0010573308270676691,0.0006580679126085812,0.0013763046220896893,0.0010162601626016261,0.0066621001151504645
f75,pcent_sex_PartII_3-pcent_sex_PartII_4,0.0006662965019433648,0.000587406015037594,0.0010529086601737299,0.00045876820736322975,0.0008710801393728223,0.0036364595238907406
f76,pcent_sex_PartIII_1-pcent_sex_PartV_2,0.0002220988339811216,0.0018796992481203006,0.0011845222426954461,0.0014909966739304966,0.001596980255516841,0.006374297254244206
f77,PartII_2,0.000555247084952804,0.00011748120300751879,0.0003948407475651487,0.0002867301296020186,0.0007259001161440186,0.0020801992812715087
f78,pcent_ageBin_PartI_6-pcent_ageBin_PartV_2,0.0017767906718489728,0.011395676691729324,0.008423269281389839,0.005849294643881179,0.013066202090592335,0.04051123337944165
f79,PartV_3,0.000555247084952804,0.00035244360902255637,0.0015793629902605948,0.0008601903888060558,0.0008710801393728223,0.004218324212414833
f80,pcent_sex_PartI_8-pcent_sex_PartII_4,0.0064408661854525266,0.004934210526315789,0.002237430902869176,0.002867301296020186,0.0039198606271777,0.020399669537835376
f81,pcent_sex_PartI_8-pcent_sex_PartII_2,0.0013325930038867297,0.002349624060150376,0.0018425901553040273,0.0023511870627365523,0.0020325203252032522,0.009908514607280938
f82,pcent_sex_PartII_1-pcent_sex_PartIV_2,0.001110494169905608,0.0015272556390977443,0.0021058173203474598,0.0013189585961692854,0.0014518002322880372,0.0075143259578081345
f83,PartI_3_multiply_PartI_5,0.001110494169905608,0.0007048872180451127,0.0013161358252171624,0.0016630347516917077,0.0010162601626016261,0.005810812127461217
f84,pcent_sex_PartII_3-pcent_sex_PartIII_1,0.003886729594669628,0.0037593984962406013,0.0019742037378257435,0.0025232251404977636,0.0027584204413472705,0.014901977410581007
f85,pcent_ageBin_PartIII_3-pcent_ageBin_PartV_11,0.0048861743475846755,0.0035244360902255637,0.005790997630955514,0.001605688725771304,0.004355400696864111,0.020162697491401167
f86,pcent_sex_PartII_1-pcent_sex_PartV_2,0.0008883953359244864,0.00046992481203007516,0.0006580679126085812,0.0008601903888060558,0.0011614401858304297,0.004038018635199628
f87,pcent_sex_PartII_1-pcent_sex_PartV_3,0.0035535813436979456,0.0014097744360902255,0.0042116346406949196,0.001204266544328478,0.0,0.010379256964811567
f88,pcent_ageBin_PartV_4-pcent_ageBin_PartV_5,0.0004441976679622432,0.0010573308270676691,0.001710976572782311,0.0011469205184080743,0.0018873403019744484,0.0062467658881947465
f89,pcent_sex_PartIII_3-pcent_sex_PartV_3,0.0002220988339811216,0.00046992481203007516,0.0005264543300868649,0.0010322284665672669,0.00043554006968641115,0.00268624651235174
f90,pcent_sex_PartII_2-pcent_sex_PartV_3,0.000999444752915047,0.000587406015037594,0.0007896814951302974,0.0010322284665672669,0.0007259001161440186,0.004134660845794224
f91,pcent_sex_PartIII_2-pcent_sex_PartV_3,0.0017767906718489728,0.001174812030075188,0.0009212950776520137,0.000802844362885652,0.0010162601626016261,0.005692002305063453
f92,pcent_ageBin_PartV_2-pcent_ageBin_PartV_8,0.0032204330927262633,0.0029370300751879698,0.0019742037378257435,0.0038995297625874525,0.0040650406504065045,0.016096237318733934
f93,pcent_sex_PartII_2-pcent_sex_PartV_5,0.0018878400888395336,0.0010573308270676691,0.00013161358252171624,0.0006881523110448446,0.0024680603948896633,0.006232997204363428
f94,pcent_sex_PartI_1-pcent_sex_PartII_1,0.0006662965019433648,0.0012922932330827067,0.001710976572782311,0.0009175364147264595,0.0008710801393728223,0.005458182861907664
f95,pcent_sex_PartI_1,0.00555247084952804,0.010455827067669173,0.00802842853382469,0.0014909966739304966,0.0024680603948896633,0.02799578351984206
f96,pcent_sex_PartII_1-pcent_sex_PartV_4,0.0014436424208772905,0.002819548872180451,0.0005264543300868649,0.0009748824406468631,0.0005807200929152149,0.006345248156706685
f97,pcent_ageBin_PartV_6-pcent_ageBin_PartV_7,0.0013325930038867297,0.003289473684210526,0.0018425901553040273,0.0037848377107466452,0.0010162601626016261,0.011265754716749555
f98,pcent_ageBin_PartI_1-pcent_ageBin_PartV_4,0.0007773459189339256,0.0019971804511278194,0.0010529086601737299,0.0007454983369652483,0.0010162601626016261,0.00558919352980235
f99,pcent_sex_PartIII_2-pcent_sex_PartV_2,0.0015546918378678512,0.0021146616541353382,0.0007896814951302974,0.0009748824406468631,0.0011614401858304297,0.00659535761361078
f100,pcent_ageBin_PartII_1-pcent_ageBin_PartIII_3,0.0008883953359244864,0.0015272556390977443,0.0013161358252171624,0.001835072829452919,0.0017421602787456446,0.007309019908437957
f101,pcent_ageBin_PartIII_3-pcent_ageBin_PartV_7,0.001665741254858412,0.0031719924812030073,0.0011845222426954461,0.0026952632182589745,0.0024680603948896633,0.011185579591905505
f102,pcent_ageBin_PartII_1-pcent_ageBin_PartIV_1,0.0012215435868961689,0.0017622180451127819,0.0010529086601737299,0.0010322284665672669,0.0014518002322880372,0.006520698991037985
f103,pcent_sex_PartII_1-pcent_sex_PartV_13,0.001665741254858412,0.0012922932330827067,0.0015793629902605948,0.0013763046220896893,0.0008710801393728223,0.006784782239664226
f104,pcent_ageBin_PartII_1-pcent_ageBin_PartV_4,0.0004441976679622432,0.00035244360902255637,0.0006580679126085812,0.0009748824406468631,0.00043554006968641115,0.0028651316999266548
f105,pcent_ageBin_PartI_4-pcent_ageBin_PartV_7,0.0007773459189339256,0.0008223684210526315,0.0010529086601737299,0.001204266544328478,0.0011614401858304297,0.005018329730319194
f106,pcent_sex_PartIII_2-pcent_sex_PartV_4,0.0014436424208772905,0.000587406015037594,0.0011845222426954461,0.0005161142332836334,0.00014518002322880372,0.003876864935122768
f107,pcent_ageBin_PartII_1-pcent_ageBin_PartV_13,0.0003331482509716824,0.0009398496240601503,0.0007896814951302974,0.0014909966739304966,0.0008710801393728223,0.004424756183465449
f108,pcent_ageBin_PartI_5-pcent_ageBin_PartII_1,0.0012215435868961689,0.0010573308270676691,0.0007896814951302974,0.0005734602592040372,0.00029036004645760743,0.0039323762147557804
f109,pcent_sex_PartIII_3-pcent_sex_PartVI_2,0.000999444752915047,0.0031719924812030073,0.0019742037378257435,0.0021218029590549374,0.0013066202090592336,0.009574064140057969
f110,pcent_sex_PartI_1-pcent_sex_PartII_2,0.004441976679622432,0.001174812030075188,0.0047380889707817845,0.0010322284665672669,0.0013066202090592336,0.012693726356105904
f111,pcent_ageBin_PartIV_1,0.001110494169905608,0.0007048872180451127,0.0007896814951302974,0.000802844362885652,0.0013066202090592336,0.004714527455025904
f112,pcent_ageBin_PartII_4-pcent_ageBin_PartV_5,0.0017767906718489728,0.000587406015037594,0.0011845222426954461,0.0017203807776121115,0.00043554006968641115,0.005704639776880535
f113,pcent_sex_PartI_1-pcent_sex_PartII_4,0.000999444752915047,0.0009398496240601503,0.0006580679126085812,0.0006308062851244409,0.0011614401858304297,0.004389608760538649
f114,pcent_ageBin_PartIV_1-pcent_ageBin_PartV_3,0.0004441976679622432,0.000587406015037594,0.0009212950776520137,0.0009748824406468631,0.00029036004645760743,0.0032181412477563214
f115,pcent_sex_PartI_2-pcent_sex_PartIII_1,0.0029983342587451417,0.0019971804511278194,0.0006580679126085812,0.0008601903888060558,0.0008710801393728223,0.00738485315066042
f116,pcent_ageBin_PartII_3-pcent_ageBin_PartV_4,0.0002220988339811216,0.0009398496240601503,0.0013161358252171624,0.0011469205184080743,0.0005807200929152149,0.004205724894581724
f117,pcent_sex_PartII_4-pcent_sex_PartV_4,0.0032204330927262633,0.0010573308270676691,0.0018425901553040273,0.0005734602592040372,0.00043554006968641115,0.007129354403988408
f118,pcent_sex_PartI_3-pcent_sex_PartI_8,0.001665741254858412,0.0015272556390977443,0.002237430902869176,0.00200711090721413,0.0011614401858304297,0.008598978889869893
f119,pcent_sex_PartI_4-pcent_sex_PartI_8,0.0008883953359244864,0.0009398496240601503,0.0009212950776520137,0.0017777268035325151,0.0010162601626016261,0.005543527003770792
f120,pcent_sex_PartIII_3-pcent_sex_PartV_7,0.0013325930038867297,0.0008223684210526315,0.0006580679126085812,0.0016630347516917077,0.0017421602787456446,0.006218224367985295
f121,pcent_ageBin_PartIV_1-pcent_ageBin_PartIV_5,0.0012215435868961689,0.0,0.0009212950776520137,0.0005161142332836334,0.00043554006968641115,0.003094492967518227
f122,pcent_ageBin_PartV_2-pcent_ageBin_PartV_5,0.0014436424208772905,0.0008223684210526315,0.0009212950776520137,0.001433650648010093,0.0017421602787456446,0.006363116846337674
f123,pcent_ageBin_PartV_3,0.000555247084952804,0.00035244360902255637,0.0,0.0007454983369652483,0.00014518002322880372,0.0017983690541694126
f124,pcent_sex_PartII_4-pcent_sex_PartV_10,0.003331482509716824,0.0035244360902255637,0.005132929718346934,0.0014909966739304966,0.0039198606271777,0.017399705619397517
f125,pcent_ageBin_PartI_1-pcent_ageBin_PartII_4,0.0001110494169905608,0.00046992481203007516,0.00026322716504343247,0.000401422181442826,0.00029036004645760743,0.001535983621964502
f126,sex,0.000555247084952804,0.00023496240601503758,0.0007896814951302974,0.0003440761555224223,0.00014518002322880372,0.002069147164849365
f127,PartV_2_multiply_PartV_7,0.0018878400888395336,0.0009398496240601503,0.0018425901553040273,0.0023511870627365523,0.0018873403019744484,0.008908807232914713
f128,pcent_sex_PartI_6-pcent_sex_PartV_3,0.005330372015546919,0.005286654135338346,0.001710976572782311,0.0017203807776121115,0.0024680603948896633,0.01651644389616935
f129,pcent_ageBin_PartIII_1-pcent_ageBin_PartV_4,0.000999444752915047,0.0009398496240601503,0.0007896814951302974,0.0006881523110448446,0.0005807200929152149,0.003997848276065554
f130,pcent_sex_PartI_2-pcent_sex_PartII_1,0.0017767906718489728,0.000587406015037594,0.0010529086601737299,0.0017203807776121115,0.0005807200929152149,0.005718206217587623
f131,pcent_sex_PartI_6-pcent_sex_PartII_1,0.0013325930038867297,0.0017622180451127819,0.0021058173203474598,0.001835072829452919,0.0027584204413472705,0.00979412164014716
f132,pcent_ageBin_PartI_1,0.0008883953359244864,0.0015272556390977443,0.003816793893129771,0.001204266544328478,0.0007259001161440186,0.008162611528624499
f133,pcent_sex_PartI_8-pcent_sex_PartV_4,0.0007773459189339256,0.000587406015037594,0.0009212950776520137,0.0009748824406468631,0.0005807200929152149,0.003841649545185611
f134,pcent_ageBin_PartI_4-pcent_ageBin_PartIV_4,0.0004441976679622432,0.00023496240601503758,0.0006580679126085812,0.0006881523110448446,0.00043554006968641115,0.002460920367317118
f135,pcent_ageBin_PartI_4-pcent_ageBin_PartIV_1,0.0012215435868961689,0.0021146616541353382,0.0006580679126085812,0.0007454983369652483,0.0011614401858304297,0.005901211676435766
f136,pcent_ageBin_PartIV_4-pcent_ageBin_PartV_3,0.0007773459189339256,0.0010573308270676691,0.0005264543300868649,0.0009175364147264595,0.0011614401858304297,0.004440107676645349
f137,pcent_sex_PartI_7-pcent_sex_PartIII_3,0.0021099389228206554,0.0015272556390977443,0.0021058173203474598,0.00246587911457736,0.0020325203252032522,0.010241411322046472
f138,pcent_sex_PartI_3-pcent_sex_PartV_5,0.0025541365907828985,0.0024671052631578946,0.0007896814951302974,0.0033260695033834153,0.002613240418118467,0.011750233270572973
f139,pcent_ageBin_PartII_4-pcent_ageBin_PartV_4,0.002220988339811216,0.0007048872180451127,0.0015793629902605948,0.000802844362885652,0.0010162601626016261,0.006324343073604201
f140,pcent_sex_PartII_2-pcent_sex_PartIII_3,0.0015546918378678512,0.0008223684210526315,0.0010529086601737299,0.0010895744924876707,0.0008710801393728223,0.005390623550954705
f141,pcent_ageBin_PartII_1-pcent_ageBin_PartV_8,0.000999444752915047,0.0009398496240601503,0.0010529086601737299,0.0013189585961692854,0.0010162601626016261,0.005327421795919839
f142,pcent_ageBin_PartI_4-pcent_ageBin_PartV_2,0.0003331482509716824,0.0021146616541353382,0.0021058173203474598,0.004243605918109875,0.001596980255516841,0.010394213399081198
f143,pcent_sex_PartI_1-pcent_sex_PartI_3,0.0025541365907828985,0.001644736842105263,0.0009212950776520137,0.0021218029590549374,0.003048780487804878,0.01029075195739999
f144,pcent_ageBin_PartI_5-pcent_ageBin_PartV_13,0.000555247084952804,0.0012922932330827067,0.001710976572782311,0.001204266544328478,0.0014518002322880372,0.006214583667434337
f145,pcent_sex_PartI_3,0.0002220988339811216,0.00035244360902255637,0.0,0.000401422181442826,0.00014518002322880372,0.0011211446476753076
f146,pcent_ageBin_PartII_1-pcent_ageBin_PartIV_2,0.0004441976679622432,0.0010573308270676691,0.0014477494077388786,0.00022938410368161487,0.0005807200929152149,0.0037593820993656207
f147,pcent_sex_PartI_2-pcent_sex_PartIII_3,0.0008883953359244864,0.0009398496240601503,0.001710976572782311,0.0009748824406468631,0.0005807200929152149,0.005094824066329025
f148,pcent_sex_PartI_8-pcent_sex_PartV_3,0.000999444752915047,0.0009398496240601503,0.0006580679126085812,0.0005161142332836334,0.00014518002322880372,0.003258656546096216
f149,pcent_sex_PartI_4,0.000555247084952804,0.000587406015037594,0.00026322716504343247,0.0007454983369652483,0.00029036004645760743,0.0024417386484566865
f150,pcent_sex_PartI_1-pcent_sex_PartIV_4,0.00410882842865075,0.001644736842105263,0.0015793629902605948,0.001605688725771304,0.0024680603948896633,0.011406677381677575
f151,pcent_ageBin_PartIV_3-pcent_ageBin_PartV_3,0.0007773459189339256,0.0007048872180451127,0.00026322716504343247,0.000401422181442826,0.0010162601626016261,0.003163142646066923
f152,pcent_sex_PartII_1-pcent_sex_PartIV_1,0.000999444752915047,0.0008223684210526315,0.0005264543300868649,0.0006308062851244409,0.00029036004645760743,0.0032694338356365916
f153,pcent_ageBin_PartI_4-pcent_ageBin_PartIV_2,0.001665741254858412,0.004346804511278195,0.0009212950776520137,0.002637917192338571,0.0007259001161440186,0.010297658152271209
f154,pcent_sex_PartI_8-pcent_sex_PartVI_3,0.0012215435868961689,0.001644736842105263,0.0013161358252171624,0.0020644569331345337,0.001596980255516841,0.00784385344286997
f155,pcent_ageBin_PartI_2-pcent_ageBin_PartIII_3,0.000999444752915047,0.00023496240601503758,0.0009212950776520137,0.0013189585961692854,0.00029036004645760743,0.003765020879208991
f156,pcent_sex_PartII_1-pcent_sex_PartVI_1,0.0014436424208772905,0.0036419172932330825,0.0052645433008686494,0.003440761555224223,0.003484320557491289,0.017275185127694534
f157,pcent_sex_PartII_1-pcent_sex_PartV_8,0.003331482509716824,0.001644736842105263,0.0005264543300868649,0.000802844362885652,0.0011614401858304297,0.007466958230625034
f158,pcent_ageBin_PartI_1-pcent_ageBin_PartII_2,0.0002220988339811216,0.00023496240601503758,0.0009212950776520137,0.000401422181442826,0.00043554006968641115,0.00221531856877741
f159,pcent_sex_PartII_1-pcent_sex_PartV_10,0.0017767906718489728,0.003406954887218045,0.003290339563042906,0.003440761555224223,0.0017421602787456446,0.013657006956079791
f160,pcent_ageBin_PartI_4-pcent_ageBin_PartIV_3,0.0008883953359244864,0.00035244360902255637,0.0005264543300868649,0.000401422181442826,0.0013066202090592336,0.003475335665535967
f161,pcent_ageBin_PartV_2,0.000555247084952804,0.0009398496240601503,0.0007896814951302974,0.0003440761555224223,0.00029036004645760743,0.0029192144061232815
f162,pcent_sex_PartI_5-pcent_sex_PartIII_3,0.000999444752915047,0.002232142857142857,0.0011845222426954461,0.0017203807776121115,0.0007259001161440186,0.00686239074650948
f163,pcent_ageBin_PartIII_2-pcent_ageBin_PartV_5,0.0004441976679622432,0.00046992481203007516,0.0009212950776520137,0.0009748824406468631,0.0011614401858304297,0.003971740184121625
f164,pcent_sex_PartIII_3-pcent_sex_PartIV_4,0.000999444752915047,0.0012922932330827067,0.0013161358252171624,0.0010322284665672669,0.0020325203252032522,0.0066726226029854355
f165,pcent_sex_PartV_3-pcent_sex_PartV_7,0.0015546918378678512,0.0025845864661654134,0.0014477494077388786,0.0037274916848262416,0.0011614401858304297,0.010475959582428813
f166,pcent_sex_PartIII_3-pcent_sex_PartIV_5,0.000999444752915047,0.002819548872180451,0.0007896814951302974,0.0010322284665672669,0.00029036004645760743,0.005931263633250671
f167,pcent_ageBin_PartI_2,0.0015546918378678512,0.0007048872180451127,0.0021058173203474598,0.0022938410368161487,0.0005807200929152149,0.007239957505991787
f168,pcent_ageBin_PartI_8-pcent_ageBin_PartV_2,0.0007773459189339256,0.002232142857142857,0.0005264543300868649,0.0008601903888060558,0.0013066202090592336,0.005702753704028937
f169,pcent_sex_PartI_3-pcent_sex_PartV_10,0.001665741254858412,0.001174812030075188,0.0015793629902605948,0.002408533088656956,0.002613240418118467,0.009441689781969617
f170,pcent_sex_PartI_1-pcent_sex_PartI_5,0.0008883953359244864,0.00035244360902255637,0.0011845222426954461,0.001835072829452919,0.001596980255516841,0.005857414272612249
f171,pcent_sex_PartIII_3,0.0006662965019433648,0.000587406015037594,0.0005264543300868649,0.0031540314256222044,0.0013066202090592336,0.006240808481749261
f172,pcent_ageBin_PartI_1-pcent_ageBin_PartV_7,0.0017767906718489728,0.0015272556390977443,0.0007896814951302974,0.001835072829452919,0.0008710801393728223,0.006799880774902755
f173,pcent_sex_PartIII_3-pcent_sex_PartV_2,0.000999444752915047,0.0009398496240601503,0.0013161358252171624,0.0016630347516917077,0.0011614401858304297,0.006079905139714497
f174,pcent_ageBin_PartI_1-pcent_ageBin_PartIII_1,0.004775124930594114,0.005521616541353383,0.0026322716504343247,0.0051611423328363345,0.0008710801393728223,0.018961235594590977
f175,pcent_sex_PartI_6-pcent_sex_PartV_2,0.0013325930038867297,0.0012922932330827067,0.0003948407475651487,0.002809955270099782,0.0024680603948896633,0.00829774264952403
f176,pcent_sex_PartI_1-pcent_sex_PartV_2,0.0013325930038867297,0.0012922932330827067,0.0010529086601737299,0.0008601903888060558,0.002613240418118467,0.007151225704067689
f177,pcent_sex_PartI_4-pcent_sex_PartV_8,0.0018878400888395336,0.0009398496240601503,0.0010529086601737299,0.0023511870627365523,0.0023228803716608595,0.008554665807470826
f178,pcent_sex_PartI_2-pcent_sex_PartI_5,0.0007773459189339256,0.00046992481203007516,0.0003948407475651487,0.00045876820736322975,0.0007259001161440186,0.002826779802036398
f179,pcent_sex_PartII_1-pcent_sex_PartIV_4,0.0007773459189339256,0.00035244360902255637,0.0014477494077388786,0.0005734602592040372,0.00014518002322880372,0.0032961792181282015
f180,pcent_sex_PartI_1-pcent_sex_PartV_3,0.0031093836757357025,0.001644736842105263,0.0009212950776520137,0.001835072829452919,0.0018873403019744484,0.009397828726920347
f181,pcent_sex_PartII_1-pcent_sex_PartIV_5,0.0001110494169905608,0.0036419172932330825,0.0015793629902605948,0.0009175364147264595,0.0008710801393728223,0.0071209462545835205
f182,PartI_1,0.0007773459189339256,0.001174812030075188,0.0018425901553040273,0.0005734602592040372,0.0008710801393728223,0.00523928850289
f183,pcent_ageBin_PartI_4-pcent_ageBin_PartIII_2,0.0014436424208772905,0.001174812030075188,0.0005264543300868649,0.002236495010895745,0.0008710801393728223,0.006252483931307911
f184,pcent_ageBin_PartIV_5-pcent_ageBin_PartV_2,0.0013325930038867297,0.00023496240601503758,0.0009212950776520137,0.0009175364147264595,0.0011614401858304297,0.00456782708811067
f185,pcent_ageBin_PartII_4-pcent_ageBin_PartIII_3,0.000999444752915047,0.0012922932330827067,0.0009212950776520137,0.00246587911457736,0.0007259001161440186,0.006404812294371146
f186,pcent_ageBin_PartIV_5-pcent_ageBin_PartV_3,0.0006662965019433648,0.00023496240601503758,0.0010529086601737299,0.0007454983369652483,0.00043554006968641115,0.0031352059747837913
f187,pcent_sex_PartI_1-pcent_sex_PartV_5,0.0003331482509716824,0.0010573308270676691,0.00026322716504343247,0.0006881523110448446,0.0005807200929152149,0.0029225786470428437
f188,pcent_sex_PartI_6-pcent_sex_PartV_9,0.0008883953359244864,0.001174812030075188,0.002895498815477757,0.002236495010895745,0.0014518002322880372,0.008647001424661214
f189,pcent_sex_PartII_1-pcent_sex_PartIII_2,0.001110494169905608,0.000587406015037594,0.0025006580679126085,0.00200711090721413,0.0013066202090592336,0.0075122893691291735
f190,pcent_ageBin_PartIV_2-pcent_ageBin_PartV_3,0.0018878400888395336,0.00035244360902255637,0.0011845222426954461,0.0005734602592040372,0.0010162601626016261,0.0050145263623632
f191,pcent_sex_PartI_8-pcent_sex_PartV_9,0.0013325930038867297,0.0021146616541353382,0.0009212950776520137,0.0005734602592040372,0.0008710801393728223,0.005813090134250941
f192,pcent_ageBin_PartII_3-pcent_ageBin_PartIII_2,0.001110494169905608,0.00023496240601503758,0.0013161358252171624,0.0006308062851244409,0.0013066202090592336,0.004599018895321482
f193,pcent_sex_PartV_3-pcent_sex_PartV_5,0.005996668517490283,0.0012922932330827067,0.0018425901553040273,0.0009175364147264595,0.00029036004645760743,0.010339448367061084
f194,pcent_sex_PartII_2-pcent_sex_PartV_10,0.0004441976679622432,0.000587406015037594,0.0006580679126085812,0.0006308062851244409,0.0011614401858304297,0.003481918066563289
f195,pcent_ageBin_PartII_4-pcent_ageBin_PartIII_2,0.0021099389228206554,0.0012922932330827067,0.0018425901553040273,0.0014909966739304966,0.0010162601626016261,0.007752079147739512
f196,pcent_sex_PartI_1-pcent_sex_PartV_11,0.002220988339811216,0.0015272556390977443,0.001710976572782311,0.002809955270099782,0.00043554006968641115,0.008704715891477465
f197,pcent_sex_PartI_4-pcent_sex_PartVI_1,0.001110494169905608,0.0021146616541353382,0.0009212950776520137,0.002408533088656956,0.0013066202090592336,0.007861604199409148
f198,pcent_ageBin_PartI_2-pcent_ageBin_PartV_5,0.0012215435868961689,0.0025845864661654134,0.0006580679126085812,0.0021791489849753414,0.00043554006968641115,0.007078887020331916
f199,pcent_sex_PartII_1-pcent_sex_PartVI_4,0.0014436424208772905,0.0019971804511278194,0.002237430902869176,0.0027526092441793786,0.0020325203252032522,0.010463383344256918
f200,pcent_sex_PartI_3-pcent_sex_PartV_8,0.0024430871737923378,0.0008223684210526315,0.0026322716504343247,0.003440761555224223,0.0011614401858304297,0.010499928986333947
f201,pcent_sex_PartI_6-pcent_sex_PartV_4,0.0015546918378678512,0.0015272556390977443,0.0005264543300868649,0.0008601903888060558,0.0007259001161440186,0.005194492312002534
f202,pcent_ageBin_PartI_4-pcent_ageBin_PartV_1,0.001110494169905608,0.001644736842105263,0.001710976572782311,0.0014909966739304966,0.0018873403019744484,0.007844544560698127
f203,pcent_ageBin_PartIV_1-pcent_ageBin_PartV_2,0.0004441976679622432,0.000587406015037594,0.00026322716504343247,0.00017203807776121116,0.0,0.0014668689258044807
f204,pcent_sex_PartII_4-pcent_sex_PartV_3,0.0008883953359244864,0.00035244360902255637,0.0003948407475651487,0.0008601903888060558,0.00029036004645760743,0.002786230127775855
f205,pcent_ageBin_PartV_4-pcent_ageBin_PartV_7,0.0002220988339811216,0.0019971804511278194,0.00013161358252171624,0.0010895744924876707,0.00043554006968641115,0.003876007429804739
f206,pcent_sex_PartIII_3-pcent_sex_PartVI_3,0.0006662965019433648,0.0012922932330827067,0.0011845222426954461,0.0016630347516917077,0.0010162601626016261,0.005822406892014851
f207,pcent_ageBin_PartI_3-pcent_ageBin_PartV_5,0.0017767906718489728,0.00035244360902255637,0.0007896814951302974,0.0037848377107466452,0.0023228803716608595,0.00902663385840933
f208,pcent_sex_PartI_4-pcent_sex_PartV_1,0.0006662965019433648,0.0007048872180451127,0.0013161358252171624,0.001605688725771304,0.00043554006968641115,0.004728548340663355
f209,pcent_ageBin_PartI_7-pcent_ageBin_PartII_2,0.0014436424208772905,0.0007048872180451127,0.0015793629902605948,0.0016630347516917077,0.00043554006968641115,0.005826467450561117
f210,pcent_ageBin_PartI_4-pcent_ageBin_PartIV_5,0.0008883953359244864,0.00011748120300751879,0.0007896814951302974,0.0003440761555224223,0.0007259001161440186,0.0028655343057287434
f211,pcent_ageBin_PartI_1-pcent_ageBin_PartI_6,0.000999444752915047,0.001644736842105263,0.002237430902869176,0.0013763046220896893,0.0008710801393728223,0.007128997259351998
f212,pcent_ageBin_PartI_1-pcent_ageBin_PartI_7,0.0013325930038867297,0.0008223684210526315,0.0013161358252171624,0.001204266544328478,0.005516840882694541,0.010192204677179541
f213,pcent_sex_PartI_4-pcent_sex_PartI_6,0.0025541365907828985,0.0012922932330827067,0.0009212950776520137,0.0023511870627365523,0.001596980255516841,0.008715892219771012
f214,pcent_sex_PartI_3-pcent_sex_PartI_6,0.0021099389228206554,0.0017622180451127819,0.0018425901553040273,0.0025232251404977636,0.001596980255516841,0.00983495251925207
f215,pcent_ageBin_PartV_3-pcent_ageBin_PartV_8,0.001110494169905608,0.0008223684210526315,0.002895498815477757,0.0009175364147264595,0.0008710801393728223,0.0066169779605352785
f216,pcent_sex_PartI_2-pcent_sex_PartII_3,0.0004441976679622432,0.002819548872180451,0.0006580679126085812,0.0010895744924876707,0.0029036004645760743,0.00791498940981502
f217,PartII_4_divided_PartII_2,0.001665741254858412,0.0019971804511278194,0.0030271123979994734,0.003612799632985434,0.0014518002322880372,0.011754633969259175
f218,pcent_sex_PartI_3-pcent_sex_PartII_3,0.000999444752915047,0.0014097744360902255,0.0006580679126085812,0.0014909966739304966,0.0,0.004558283775544351
f219,pcent_sex_PartI_1-pcent_sex_PartI_4,0.0013325930038867297,0.00046992481203007516,0.00026322716504343247,0.00200711090721413,0.0010162601626016261,0.005089116050775994
f220,pcent_sex_PartI_7-pcent_sex_PartV_13,0.0035535813436979456,0.0024671052631578946,0.0007896814951302974,0.001433650648010093,0.0013066202090592336,0.009550638959055464
f221,pcent_sex_PartI_2-pcent_sex_PartV_5,0.0003331482509716824,0.000587406015037594,0.00026322716504343247,0.0011469205184080743,0.00043554006968641115,0.002766242019147194
f222,pcent_ageBin_PartI_4-pcent_ageBin_PartI_8,0.0013325930038867297,0.0009398496240601503,0.00013161358252171624,0.001204266544328478,0.0011614401858304297,0.004769762940627503
f223,pcent_sex_PartI_3-pcent_sex_PartIII_2,0.005108273181565797,0.0029370300751879698,0.006449065543564096,0.0021791489849753414,0.0011614401858304297,0.017834957971123635
f224,pcent_sex_PartII_4-pcent_sex_PartV_5,0.0013325930038867297,0.000587406015037594,0.0011845222426954461,0.0009175364147264595,0.0021777003484320556,0.006199758024778285
f225,pcent_sex_PartI_8-pcent_sex_PartIII_1,0.0014436424208772905,0.0009398496240601503,0.002763885232956041,0.0022938410368161487,0.0007259001161440186,0.008167118430853649
f226,pcent_sex_PartIII_3-pcent_sex_PartV_1,0.0017767906718489728,0.001644736842105263,0.0021058173203474598,0.0022938410368161487,0.0010162601626016261,0.00883744603371947
f227,pcent_ageBin_PartV_2-pcent_ageBin_PartV_10,0.0017767906718489728,0.0010573308270676691,0.001710976572782311,0.0022938410368161487,0.00043554006968641115,0.007274479178201513
f228,pcent_ageBin_PartII_3-pcent_ageBin_PartIII_1,0.003886729594669628,0.0009398496240601503,0.0013161358252171624,0.0021218029590549374,0.0011614401858304297,0.009425958188832309
f229,pcent_ageBin_PartII_1-pcent_ageBin_PartV_3,0.0002220988339811216,0.00023496240601503758,0.0006580679126085812,0.0005734602592040372,0.00014518002322880372,0.0018337694350375813
f230,pcent_ageBin_PartIII_3-pcent_ageBin_PartVI_2,0.0014436424208772905,0.0029370300751879698,0.0025006580679126085,0.0039568757885078566,0.004936120789779327,0.01577432714226505
f231,pcent_sex_PartIII_3-pcent_sex_PartVI_4,0.0026651860077734593,0.0029370300751879698,0.004080021058173204,0.003211377451542608,0.003048780487804878,0.01594239508048212
f232,pcent_ageBin_PartIV_4-pcent_ageBin_PartV_2,0.0001110494169905608,0.00011748120300751879,0.0003948407475651487,0.0005734602592040372,0.0,0.0011968316267672655
f233,pcent_ageBin_PartV_7,0.0014436424208772905,0.001174812030075188,0.0003948407475651487,0.0008601903888060558,0.0010162601626016261,0.004889745749925309
f234,pcent_sex_PartI_3-pcent_sex_PartVI_1,0.005663520266518601,0.00963345864661654,0.0014477494077388786,0.005103796306915931,0.007404181184668989,0.029252705812458937
f235,PartI_1_multiply_PartI_5,0.0006662965019433648,0.0007048872180451127,0.0003948407475651487,0.00045876820736322975,0.0017421602787456446,0.003966952953662501
f236,pcent_sex_PartI_3-pcent_sex_PartIV_2,0.0013325930038867297,0.0010573308270676691,0.0013161358252171624,0.0010322284665672669,0.0008710801393728223,0.00560936826211165
f237,pcent_sex_PartV_5-pcent_sex_PartV_7,0.0014436424208772905,0.001644736842105263,0.0005264543300868649,0.0012616125702488818,0.001596980255516841,0.006473426418835141
f238,pcent_sex_PartI_8-pcent_sex_PartV_13,0.0025541365907828985,0.0007048872180451127,0.0013161358252171624,0.003670145658905838,0.0018873403019744484,0.01013264559492546
f239,pcent_sex_PartV_4-pcent_sex_PartV_7,0.0017767906718489728,0.00023496240601503758,0.00013161358252171624,0.0007454983369652483,0.0005807200929152149,0.0034695850902661898
f240,pcent_sex_PartI_6-pcent_sex_PartI_7,0.0014436424208772905,0.004934210526315789,0.0036851803106080546,0.0013189585961692854,0.005371660859465738,0.016753652713436158
f241,pcent_sex_PartV_1-pcent_sex_PartV_3,0.0018878400888395336,0.001174812030075188,0.0018425901553040273,0.0025232251404977636,0.0013066202090592336,0.008735087623775745
f242,pcent_ageBin_PartII_2-pcent_ageBin_PartV_3,0.0004441976679622432,0.0007048872180451127,0.0013161358252171624,0.0005734602592040372,0.00014518002322880372,0.0031838609936573592
f243,pcent_ageBin_PartI_1-pcent_ageBin_PartV_11,0.001110494169905608,0.0007048872180451127,0.003290339563042906,0.0013189585961692854,0.00014518002322880372,0.006569859570391716
f244,pcent_ageBin_PartI_6-pcent_ageBin_PartV_3,0.003331482509716824,0.002349624060150376,0.0015793629902605948,0.0021218029590549374,0.0018873403019744484,0.01126961282115718
f245,pcent_sex_PartV_5-pcent_sex_PartV_6,0.003442531926707385,0.003289473684210526,0.0010529086601737299,0.00200711090721413,0.0021777003484320556,0.011969725526737826
f246,pcent_ageBin_PartV_1-pcent_ageBin_PartV_7,0.002332037756801777,0.0021146616541353382,0.0019742037378257435,0.004702374125473105,0.0020325203252032522,0.013155797599439216
f247,pcent_ageBin_PartI_2-pcent_ageBin_PartIII_2,0.007107162687395891,0.00869360902255639,0.0035535667280863384,0.0029246473219405895,0.006823461091753775,0.029102446851732987
f248,pcent_sex_PartI_1-pcent_sex_PartIV_1,0.003442531926707385,0.00387687969924812,0.005132929718346934,0.0015483426998509004,0.0040650406504065045,0.018065724694559845
f249,pcent_sex_PartV_11-pcent_sex_PartV_13,0.0014436424208772905,0.001174812030075188,0.0018425901553040273,0.003211377451542608,0.0020325203252032522,0.009704942383002367
f250,pcent_ageBin_PartV_13,0.0025541365907828985,0.000587406015037594,0.0007896814951302974,0.0025805711664181673,0.0008710801393728223,0.00738287540674178
f251,pcent_ageBin_PartII_3,0.0004441976679622432,0.000587406015037594,0.0006580679126085812,0.0005734602592040372,0.0013066202090592336,0.003569752063871689
f252,pcent_ageBin_PartIII_3,0.00688506385341477,0.005404135338345864,0.0006580679126085812,0.0013763046220896893,0.006097560975609756,0.02042113270206866
f253,pcent_sex_PartI_6-pcent_sex_PartII_2,0.0008883953359244864,0.0007048872180451127,0.0003948407475651487,0.0010895744924876707,0.00043554006968641115,0.0035132378637088295
f254,pcent_sex_PartI_2-pcent_sex_PartV_11,0.0007773459189339256,0.0007048872180451127,0.0023690444853908922,0.0009748824406468631,0.0021777003484320556,0.00700386041144885
f255,pcent_sex_PartIII_3-pcent_sex_PartV_9,0.005774569683509162,0.006109022556390977,0.0007896814951302974,0.00246587911457736,0.0039198606271777,0.0190590134767855
f256,pcent_sex_PartI_7-pcent_sex_PartVI_1,0.0012215435868961689,0.0031719924812030073,0.0014477494077388786,0.0023511870627365523,0.0020325203252032522,0.01022499286377786
f257,pcent_ageBin_PartV_5-pcent_ageBin_PartVI_3,0.00277623542476402,0.0036419172932330825,0.0047380889707817845,0.001835072829452919,0.0021777003484320556,0.015169014866663862
f258,pcent_ageBin_PartV_11-pcent_ageBin_PartV_13,0.0008883953359244864,0.000587406015037594,0.0014477494077388786,0.0012616125702488818,0.0011614401858304297,0.005346603514780271
f259,pcent_ageBin_PartI_1-pcent_ageBin_PartIV_4,0.000555247084952804,0.0008223684210526315,0.0006580679126085812,0.0003440761555224223,0.0007259001161440186,0.0031056596902804576
f260,pcent_ageBin_PartII_4-pcent_ageBin_PartV_10,0.005663520266518601,0.0058740601503759395,0.004080021058173204,0.0010895744924876707,0.006097560975609756,0.02280473694316517
f261,pcent_sex_PartII_4-pcent_sex_PartIII_2,0.001665741254858412,0.0007048872180451127,0.0009212950776520137,0.0018924188553733226,0.0010162601626016261,0.006200602568530488
f262,pcent_ageBin_PartIV_2-pcent_ageBin_PartV_2,0.0004441976679622432,0.00023496240601503758,0.0003948407475651487,0.0005734602592040372,0.00043554006968641115,0.0020830011504328776
f263,pcent_ageBin_PartIII_3-pcent_ageBin_PartIV_5,0.0003331482509716824,0.00011748120300751879,0.0003948407475651487,0.0006308062851244409,0.0008710801393728223,0.0023473566260416127
f264,pcent_sex_PartIII_1-pcent_sex_PartIII_2,0.0015546918378678512,0.0009398496240601503,0.0011845222426954461,0.001605688725771304,0.0018873403019744484,0.0071720927323692
f265,pcent_ageBin_PartI_1-pcent_ageBin_PartVI_3,0.0015546918378678512,0.004934210526315789,0.0011845222426954461,0.0017203807776121115,0.0024680603948896633,0.011861865779380861
f266,pcent_ageBin_PartII_1-pcent_ageBin_PartIV_5,0.0004441976679622432,0.00046992481203007516,0.0007896814951302974,0.0009175364147264595,0.00029036004645760743,0.0029117004363066823
f267,pcent_sex_PartI_1-pcent_sex_PartVI_2,0.0015546918378678512,0.0010573308270676691,0.0007896814951302974,0.0010895744924876707,0.00029036004645760743,0.004781638699011096
f268,PartI_2_multiply_PartI_5,0.0007773459189339256,0.0009398496240601503,0.0019742037378257435,0.00045876820736322975,0.0018873403019744484,0.006037507790157498
f269,pcent_ageBin_PartI_3-pcent_ageBin_PartIII_3,0.0004441976679622432,0.0012922932330827067,0.0005264543300868649,0.0005734602592040372,0.00043554006968641115,0.003271945560022263
f270,pcent_ageBin_PartI_1-pcent_ageBin_PartIV_2,0.000999444752915047,0.00046992481203007516,0.0005264543300868649,0.0006881523110448446,0.0008710801393728223,0.003555056345449654
f271,pcent_sex_PartI_1-pcent_sex_PartI_7,0.000555247084952804,0.00011748120300751879,0.0003948407475651487,0.0013763046220896893,0.0013066202090592336,0.0037504938666743943
f272,PartV_2_multiply_PartV_5,0.0004441976679622432,0.0007048872180451127,0.0010529086601737299,0.0009175364147264595,0.00043554006968641115,0.003555070030593956
f273,PartI_2,0.0007773459189339256,0.00023496240601503758,0.0009212950776520137,0.00022938410368161487,0.0008710801393728223,0.003034067645655414
f274,pcent_ageBin_PartII_1-pcent_ageBin_PartV_10,0.0007773459189339256,0.0009398496240601503,0.0006580679126085812,0.00200711090721413,0.0013066202090592336,0.00568899457187602
f275,pcent_sex_PartI_1-pcent_sex_PartV_13,0.0021099389228206554,0.00046992481203007516,0.0026322716504343247,0.0014909966739304966,0.0008710801393728223,0.0075742121985883735
f276,pcent_sex_PartV_5-pcent_sex_PartV_9,0.000999444752915047,0.0019971804511278194,0.0010529086601737299,0.0018924188553733226,0.0021777003484320556,0.008119653068021974
f277,pcent_ageBin_PartI_1-pcent_ageBin_PartIV_5,0.0002220988339811216,0.0015272556390977443,0.0010529086601737299,0.0005734602592040372,0.00029036004645760743,0.0036660834389142406
f278,pcent_ageBin_PartII_2-pcent_ageBin_PartII_4,0.0006662965019433648,0.0010573308270676691,0.0005264543300868649,0.0017777268035325151,0.0008710801393728223,0.004898888602003236
f279,pcent_sex_PartIII_3-pcent_sex_PartIV_1,0.00277623542476402,0.0012922932330827067,0.0009212950776520137,0.0013763046220896893,0.0018873403019744484,0.008253468659562878
f280,pcent_ageBin_PartI_8-pcent_ageBin_PartV_3,0.0018878400888395336,0.0009398496240601503,0.0011845222426954461,0.0017777268035325151,0.0,0.005789938759127646
f281,pcent_ageBin_PartI_1-pcent_ageBin_PartVI_2,0.000555247084952804,0.001174812030075188,0.0009212950776520137,0.0015483426998509004,0.00043554006968641115,0.004635236962217317
f282,pcent_sex_PartI_2-pcent_sex_PartIII_2,0.0013325930038867297,0.000587406015037594,0.0006580679126085812,0.002809955270099782,0.0005807200929152149,0.0059687422945479025
f283,pcent_ageBin_PartI_4-pcent_ageBin_PartV_10,0.000555247084952804,0.0008223684210526315,0.0007896814951302974,0.001605688725771304,0.0013066202090592336,0.005079605935966271
f284,PartII_4,0.001110494169905608,0.0007048872180451127,0.0010529086601737299,0.0005734602592040372,0.00029036004645760743,0.0037321103537860953
f285,pcent_ageBin_PartV_1-pcent_ageBin_PartV_8,0.001998889505830094,0.00481672932330827,0.006975519873650961,0.003670145658905838,0.0005807200929152149,0.018042004454610377
f286,pcent_sex_PartII_2-pcent_sex_PartV_12,0.0014436424208772905,0.002349624060150376,0.0006580679126085812,0.003440761555224223,0.0017421602787456446,0.009634256227606115
f287,pcent_ageBin_PartI_4-pcent_ageBin_PartI_5,0.000555247084952804,0.002702067669172932,0.0006580679126085812,0.0009748824406468631,0.0010162601626016261,0.005906525269982807
f288,pcent_sex_PartI_1-pcent_sex_PartIV_5,0.0006662965019433648,0.0018796992481203006,0.0003948407475651487,0.0008601903888060558,0.0005807200929152149,0.004381746979350084
f289,pcent_ageBin_PartI_1-pcent_ageBin_PartII_3,0.000555247084952804,0.0008223684210526315,0.0,0.0008601903888060558,0.00014518002322880372,0.002382985918040295
f290,pcent_sex_PartV_6-pcent_sex_PartV_7,0.0003331482509716824,0.0007048872180451127,0.003290339563042906,0.0019497648812937262,0.0014518002322880372,0.007729940145641464
f291,pcent_ageBin_PartV_7-pcent_ageBin_PartV_10,0.0026651860077734593,0.0014097744360902255,0.0007896814951302974,0.001835072829452919,0.0013066202090592336,0.008006334977506134
f292,pcent_ageBin_PartI_5-pcent_ageBin_PartIII_3,0.0006662965019433648,0.0009398496240601503,0.0006580679126085812,0.0007454983369652483,0.0007259001161440186,0.0037356124917213634
f293,pcent_ageBin_PartV_5-pcent_ageBin_PartV_9,0.0003331482509716824,0.00023496240601503758,0.0006580679126085812,0.0009175364147264595,0.00029036004645760743,0.0024340750307793677
f294,pcent_ageBin_PartII_1-pcent_ageBin_PartIV_4,0.0006662965019433648,0.000587406015037594,0.0006580679126085812,0.0005734602592040372,0.0007259001161440186,0.0032111308049375957
f295,pcent_sex_PartI_8-pcent_sex_PartV_6,0.001665741254858412,0.000587406015037594,0.0005264543300868649,0.0013189585961692854,0.00014518002322880372,0.00424374021938096
f296,pcent_sex_PartIII_3-pcent_sex_PartIV_3,0.0003331482509716824,0.000587406015037594,0.0006580679126085812,0.001605688725771304,0.00043554006968641115,0.0036198509740755728
f297,pcent_sex_PartI_1-pcent_sex_PartV_9,0.0013325930038867297,0.0009398496240601503,0.0010529086601737299,0.00200711090721413,0.0017421602787456446,0.0070746224740803835
f298,pcent_sex_PartI_1-pcent_sex_PartIII_3,0.0002220988339811216,0.000587406015037594,0.00013161358252171624,0.0010322284665672669,0.00029036004645760743,0.002263706944565306
f299,pcent_sex_PartI_1-pcent_sex_PartVI_4,0.000555247084952804,0.0017622180451127819,0.0007896814951302974,0.0012616125702488818,0.0010162601626016261,0.005385019358046392
f300,pcent_ageBin_PartII_2-pcent_ageBin_PartV_12,0.000555247084952804,0.0007048872180451127,0.0003948407475651487,0.0017777268035325151,0.0014518002322880372,0.004884502086383618
f301,pcent_sex_PartI_3-pcent_sex_PartIV_4,0.0004441976679622432,0.0009398496240601503,0.0015793629902605948,0.0003440761555224223,0.00043554006968641115,0.0037430265074918216
f302,pcent_sex_PartV_4,0.0003331482509716824,0.000587406015037594,0.004606475388260069,0.00447299002179149,0.001596980255516841,0.011596999931577676
f303,pcent_sex_PartI_4-pcent_sex_PartIV_2,0.0004441976679622432,0.0008223684210526315,0.0015793629902605948,0.0009175364147264595,0.001596980255516841,0.00536044574951877
f304,pcent_ageBin_PartI_1-pcent_ageBin_PartV_13,0.000999444752915047,0.00011748120300751879,0.0009212950776520137,0.0009175364147264595,0.00043554006968641115,0.00339129751798745
f305,pcent_ageBin_PartI_3-pcent_ageBin_PartV_8,0.002332037756801777,0.0010573308270676691,0.0015793629902605948,0.0009748824406468631,0.0008710801393728223,0.0068146941541497265
f306,pcent_sex_PartI_4-pcent_sex_PartI_7,0.0004441976679622432,0.0009398496240601503,0.0013161358252171624,0.0006308062851244409,0.0008710801393728223,0.004202069541736819
f307,pcent_sex_PartI_7-pcent_sex_PartII_4,0.0006662965019433648,0.00035244360902255637,0.0005264543300868649,0.0006308062851244409,0.00029036004645760743,0.0024663607726348345
f308,pcent_ageBin_PartI_8-pcent_ageBin_PartV_13,0.0018878400888395336,0.00023496240601503758,0.002237430902869176,0.005218488358756738,0.0024680603948896633,0.01204678215137015
f309,pcent_ageBin_PartII_4-pcent_ageBin_PartIV_4,0.0014436424208772905,0.00046992481203007516,0.00026322716504343247,0.0013763046220896893,0.003193960511033682,0.00674705953107417
f310,pcent_ageBin_PartIV_5-pcent_ageBin_PartV_5,0.0002220988339811216,0.0007048872180451127,0.0009212950776520137,0.001605688725771304,0.0005807200929152149,0.004034689948364766
f311,pcent_ageBin_PartII_1-pcent_ageBin_PartIV_3,0.0008883953359244864,0.000587406015037594,0.0015793629902605948,0.0013763046220896893,0.0010162601626016261,0.005447729125913991
f312,pcent_ageBin_PartV_5-pcent_ageBin_PartV_6,0.000555247084952804,0.0017622180451127819,0.0014477494077388786,0.0011469205184080743,0.0010162601626016261,0.005928395218814165
f313,pcent_sex_PartII_2-pcent_sex_PartII_4,0.0002220988339811216,0.0014097744360902255,0.0015793629902605948,0.001204266544328478,0.0021777003484320556,0.006593203153092475
f314,pcent_ageBin_PartI_2-pcent_ageBin_PartV_8,0.0018878400888395336,0.003406954887218045,0.0021058173203474598,0.0012616125702488818,0.001596980255516841,0.010259205122170762
f315,pcent_sex_PartI_1-pcent_sex_PartV_7,0.0003331482509716824,0.00046992481203007516,0.0005264543300868649,0.0008601903888060558,0.00029036004645760743,0.002480077828352286
f316,pcent_ageBin_PartII_1-pcent_ageBin_PartV_6,0.0006662965019433648,0.000587406015037594,0.0014477494077388786,0.0016630347516917077,0.00029036004645760743,0.004654846722869152
f317,pcent_sex_PartI_2-pcent_sex_PartI_8,0.0003331482509716824,0.0014097744360902255,0.00026322716504343247,0.0006308062851244409,0.0013066202090592336,0.003943576346289015
f318,PartV_4,0.0,0.0,0.0,0.00011469205184080744,0.00014518002322880372,0.00025987207506961114
f319,pcent_sex_PartI_8-pcent_sex_PartVI_2,0.001998889505830094,0.0012922932330827067,0.0006580679126085812,0.002236495010895745,0.0018873403019744484,0.008073085964391574
f320,pcent_sex_PartI_4-pcent_sex_PartV_9,0.0006662965019433648,0.0007048872180451127,0.0006580679126085812,0.0009175364147264595,0.0005807200929152149,0.003527508140238733
f321,pcent_ageBin_PartV_8-pcent_ageBin_PartV_9,0.002332037756801777,0.0019971804511278194,0.0007896814951302974,0.0012616125702488818,0.0008710801393728223,0.0072515924126815975
f322,pcent_ageBin_PartI_7-pcent_ageBin_PartII_1,0.0004441976679622432,0.00011748120300751879,0.0010529086601737299,0.0006881523110448446,0.0010162601626016261,0.0033190000047899626
f323,pcent_ageBin_PartIV_4-pcent_ageBin_PartV_7,0.0012215435868961689,0.0031719924812030073,0.0014477494077388786,0.0005734602592040372,0.004210220673635308,0.0106249664086774
f324,pcent_ageBin_PartIII_1-pcent_ageBin_PartV_8,0.0015546918378678512,0.001174812030075188,0.0021058173203474598,0.0010322284665672669,0.001596980255516841,0.0074645299103746066
f325,pcent_ageBin_PartIV_1-pcent_ageBin_PartIV_2,0.0012215435868961689,0.0014097744360902255,0.0005264543300868649,0.0019497648812937262,0.0011614401858304297,0.006268977420197415
f326,pcent_sex_PartI_8-pcent_sex_PartIII_3,0.000555247084952804,0.0009398496240601503,0.00026322716504343247,0.0010322284665672669,0.0011614401858304297,0.003951992526454083
f327,pcent_ageBin_PartIII_3-pcent_ageBin_PartVI_3,0.000555247084952804,0.0012922932330827067,0.0006580679126085812,0.0008601903888060558,0.0007259001161440186,0.004091698735594166
f328,PartIII_1,0.0024430871737923378,0.0009398496240601503,0.0015793629902605948,0.0029246473219405895,0.0008710801393728223,0.008758027249426495
f329,pcent_sex_PartII_2-pcent_sex_PartIII_2,0.0007773459189339256,0.0007048872180451127,0.0005264543300868649,0.000802844362885652,0.00029036004645760743,0.003101891876409163
f330,pcent_sex_PartII_1-pcent_sex_PartIV_3,0.0007773459189339256,0.000587406015037594,0.0011845222426954461,0.0016630347516917077,0.00029036004645760743,0.004502668974816281
f331,pcent_ageBin_PartV_4-pcent_ageBin_PartV_8,0.0004441976679622432,0.00035244360902255637,0.0003948407475651487,0.0005161142332836334,0.0008710801393728223,0.0025786763972064043
f332,pcent_sex_PartI_3-pcent_sex_PartIV_3,0.0007773459189339256,0.0007048872180451127,0.0013161358252171624,0.000802844362885652,0.00043554006968641115,0.004036753394768264
f333,pcent_ageBin_PartI_2-pcent_ageBin_PartI_7,0.000555247084952804,0.00023496240601503758,0.00026322716504343247,0.000401422181442826,0.0005807200929152149,0.002035578930369315
f334,pcent_sex_PartII_2-pcent_sex_PartV_8,0.0001110494169905608,0.000587406015037594,0.0013161358252171624,0.0010895744924876707,0.0027584204413472705,0.005862586191080259
f335,pcent_ageBin_PartII_3-pcent_ageBin_PartVI_3,0.000999444752915047,0.0015272556390977443,0.0006580679126085812,0.00200711090721413,0.0010162601626016261,0.0062081393744371285
f336,pcent_ageBin_PartII_1-pcent_ageBin_PartV_2,0.0002220988339811216,0.0008223684210526315,0.0005264543300868649,0.0007454983369652483,0.00043554006968641115,0.002751959991772277
f337,pcent_sex_PartII_4-pcent_sex_PartIV_4,0.000555247084952804,0.00023496240601503758,0.0006580679126085812,0.0006308062851244409,0.00029036004645760743,0.002369443735158471
f338,pcent_ageBin_PartI_1-pcent_ageBin_PartIII_2,0.0013325930038867297,0.000587406015037594,0.0009212950776520137,0.0017203807776121115,0.0010162601626016261,0.005577935036790075
f339,pcent_ageBin_PartII_1-pcent_ageBin_PartV_1,0.0007773459189339256,0.0015272556390977443,0.0018425901553040273,0.00200711090721413,0.0029036004645760743,0.009057903085125902
f340,pcent_sex_PartI_3-pcent_sex_PartV_1,0.001998889505830094,0.0042293233082706765,0.0035535667280863384,0.0012616125702488818,0.00624274099883856,0.01728613311127455
f341,pcent_sex_PartIII_3-pcent_sex_PartV_4,0.0013325930038867297,0.0018796992481203006,0.0009212950776520137,0.0020644569331345337,0.0008710801393728223,0.0070691244021664
f342,pcent_sex_PartIII_3-pcent_sex_PartIV_2,0.001998889505830094,0.0007048872180451127,0.0006580679126085812,0.0006881523110448446,0.00014518002322880372,0.004195176970757436
f343,pcent_sex_PartII_4-pcent_sex_PartV_1,0.0017767906718489728,0.0015272556390977443,0.0031587259805211897,0.0009175364147264595,0.0008710801393728223,0.00825138884556719
f344,pcent_ageBin_PartV_4-pcent_ageBin_PartV_10,0.001110494169905608,0.002702067669172932,0.0006580679126085812,0.0020644569331345337,0.0010162601626016261,0.007551346847423281
f345,pcent_ageBin_PartV_7-pcent_ageBin_PartV_9,0.00277623542476402,0.006226503759398496,0.008949723611476704,0.006652139006766831,0.007549361207897794,0.03215396301030385
f346,pcent_ageBin_PartIII_1-pcent_ageBin_PartIII_3,0.000999444752915047,0.00035244360902255637,0.0007896814951302974,0.0012616125702488818,0.0005807200929152149,0.003983902520231997
f347,pcent_sex_PartIII_2-pcent_sex_PartV_6,0.00277623542476402,0.002819548872180451,0.0019742037378257435,0.003612799632985434,0.0011614401858304297,0.01234422785358608
f348,pcent_ageBin_PartI_2-pcent_ageBin_PartIV_4,0.0002220988339811216,0.0019971804511278194,0.0010529086601737299,0.0010895744924876707,0.00014518002322880372,0.004506942460999145
f349,pcent_sex_PartI_2-pcent_sex_PartII_2,0.000555247084952804,0.00035244360902255637,0.0005264543300868649,0.0017777268035325151,0.00029036004645760743,0.0035022318740523476
f350,pcent_sex_PartIII_1-pcent_sex_PartV_5,0.0006662965019433648,0.0007048872180451127,0.0003948407475651487,0.00045876820736322975,0.0010162601626016261,0.003241052837518482
f351,pcent_sex_PartI_7-pcent_sex_PartV_1,0.004553026096612993,0.002702067669172932,0.002895498815477757,0.0025232251404977636,0.003484320557491289,0.016158138279252734
f352,pcent_sex_PartIV_2-pcent_sex_PartVI_1,0.002332037756801777,0.0014097744360902255,0.0023690444853908922,0.0023511870627365523,0.0020325203252032522,0.010494564066222699
f353,pcent_ageBin_PartII_2-pcent_ageBin_PartV_10,0.0002220988339811216,0.0008223684210526315,0.00026322716504343247,0.000802844362885652,0.00014518002322880372,0.0022557188061916415
f354,pcent_ageBin_PartI_3-pcent_ageBin_PartIII_1,0.0008883953359244864,0.0018796992481203006,0.0009212950776520137,0.000802844362885652,0.0029036004645760743,0.007395834489158527
f355,PartV_7,0.0006662965019433648,0.0007048872180451127,0.00013161358252171624,0.000401422181442826,0.00014518002322880372,0.0020493995071818234
f356,pcent_sex_PartI_4-pcent_sex_PartIV_5,0.0003331482509716824,0.00035244360902255637,0.0003948407475651487,0.0007454983369652483,0.00029036004645760743,0.002116290990982243
f357,pcent_sex_PartV_5-pcent_sex_PartVI_3,0.0008883953359244864,0.0009398496240601503,0.0025006580679126085,0.001204266544328478,0.0024680603948896633,0.008001229967115386
f358,pcent_ageBin_PartV_5,0.001110494169905608,0.001174812030075188,0.0019742037378257435,0.0009748824406468631,0.00043554006968641115,0.005669932448139813
f359,PartIII_3,0.0008883953359244864,0.00046992481203007516,0.0003948407475651487,0.0005734602592040372,0.0010162601626016261,0.0033428813173253732
f360,pcent_sex_PartI_1-pcent_sex_PartIII_2,0.0004441976679622432,0.00011748120300751879,0.00026322716504343247,0.0010322284665672669,0.00043554006968641115,0.0022926745722668725
f361,pcent_sex_PartIV_2-pcent_sex_PartVI_4,0.001110494169905608,0.0009398496240601503,0.0007896814951302974,0.001433650648010093,0.0005807200929152149,0.004854396030021364
f362,pcent_sex_PartII_2-pcent_sex_PartV_6,0.0013325930038867297,0.000587406015037594,0.0007896814951302974,0.0010895744924876707,0.00029036004645760743,0.004089615052999899
f363,pcent_ageBin_PartI_1-pcent_ageBin_PartIV_3,0.0001110494169905608,0.00023496240601503758,0.00026322716504343247,0.00017203807776121116,0.00014518002322880372,0.0009264570890390457
f364,pcent_sex_PartI_1-pcent_sex_PartIV_3,0.0014436424208772905,0.00035244360902255637,0.0007896814951302974,0.0006308062851244409,0.0005807200929152149,0.0037972939030698
f365,pcent_ageBin_PartII_2,0.0006662965019433648,0.00035244360902255637,0.00013161358252171624,0.0002867301296020186,0.00043554006968641115,0.001872623892776067
f366,pcent_ageBin_PartIV_3-pcent_ageBin_PartV_2,0.0004441976679622432,0.001174812030075188,0.00026322716504343247,0.0007454983369652483,0.00029036004645760743,0.0029180952465037192
f367,pcent_sex_PartII_1-pcent_sex_PartIII_1,0.004441976679622432,0.00046992481203007516,0.0005264543300868649,0.0011469205184080743,0.0010162601626016261,0.007601536502749073
f368,pcent_ageBin_PartV_3-pcent_ageBin_PartV_10,0.000555247084952804,0.000587406015037594,0.0005264543300868649,0.0011469205184080743,0.0005807200929152149,0.003396748041400552
f369,pcent_ageBin_PartII_2-pcent_ageBin_PartIII_3,0.000555247084952804,0.0009398496240601503,0.00026322716504343247,0.0006308062851244409,0.00043554006968641115,0.0028246702288672386
f370,pcent_sex_PartIII_1-pcent_sex_PartVI_1,0.000555247084952804,0.0007048872180451127,0.0006580679126085812,0.0021791489849753414,0.0007259001161440186,0.004823251316725858
f371,pcent_ageBin_PartI_6-pcent_ageBin_PartIII_3,0.0006662965019433648,0.0007048872180451127,0.0009212950776520137,0.0010895744924876707,0.0008710801393728223,0.004253133429500984
f372,pcent_sex_PartII_3-pcent_sex_PartV_5,0.0008883953359244864,0.0024671052631578946,0.0010529086601737299,0.000802844362885652,0.0005807200929152149,0.005791973715056978
f373,pcent_sex_PartI_4-pcent_sex_PartV_2,0.0003331482509716824,0.0007048872180451127,0.0011845222426954461,0.001835072829452919,0.0011614401858304297,0.00521907072699559
f374,pcent_ageBin_PartI_2-pcent_ageBin_PartIV_2,0.0001110494169905608,0.0007048872180451127,0.0010529086601737299,0.000802844362885652,0.00029036004645760743,0.002962049704552663
f375,pcent_sex_PartIII_2-pcent_sex_PartV_7,0.001665741254858412,0.0021146616541353382,0.0006580679126085812,0.0021218029590549374,0.0018873403019744484,0.008447614082631717
f376,pcent_sex_PartI_3-pcent_sex_PartVI_4,0.001665741254858412,0.0015272556390977443,0.0013161358252171624,0.0020644569331345337,0.0020325203252032522,0.008606109977511106
f377,pcent_sex_PartI_4-pcent_sex_PartIV_1,0.0004441976679622432,0.00023496240601503758,0.00013161358252171624,0.0003440761555224223,0.0010162601626016261,0.0021711099746230455
f378,pcent_ageBin_PartII_4-pcent_ageBin_PartV_12,0.0002220988339811216,0.001644736842105263,0.0005264543300868649,0.001204266544328478,0.0007259001161440186,0.004323456666645746
f379,pcent_ageBin_PartIV_4-pcent_ageBin_PartV_1,0.004553026096612993,0.0018796992481203006,0.002895498815477757,0.0013189585961692854,0.0021777003484320556,0.012824883104812392
f380,pcent_sex_PartI_8-pcent_sex_PartV_7,0.0008883953359244864,0.0009398496240601503,0.0005264543300868649,0.0014909966739304966,0.00029036004645760743,0.004136056010459605
f381,pcent_ageBin_PartIV_4-pcent_ageBin_PartV_4,0.0001110494169905608,0.00011748120300751879,0.0003948407475651487,0.00045876820736322975,0.00043554006968641115,0.0015176796446128692
f382,pcent_sex_PartI_1-pcent_sex_PartVI_1,0.0006662965019433648,0.0018796992481203006,0.0013161358252171624,0.0027526092441793786,0.0018873403019744484,0.008502081121434656
f383,pcent_sex_PartIII_3-pcent_sex_PartV_13,0.000555247084952804,0.000587406015037594,0.0011845222426954461,0.0006881523110448446,0.001596980255516841,0.004612307909247529
f384,pcent_ageBin_PartV_3-pcent_ageBin_PartV_13,0.000999444752915047,0.0009398496240601503,0.0009212950776520137,0.002408533088656956,0.0007259001161440186,0.005995022659428186
f385,pcent_sex_PartI_2,0.004997223764575236,0.00046992481203007516,0.001710976572782311,0.0005734602592040372,0.00508130081300813,0.012832886221599789
f386,pcent_sex_PartI_2-pcent_sex_PartV_7,0.0008883953359244864,0.000587406015037594,0.0005264543300868649,0.0013189585961692854,0.00014518002322880372,0.0034663943004470343
f387,pcent_sex_PartI_6-pcent_sex_PartIV_5,0.0021099389228206554,0.002702067669172932,0.007370360621216109,0.002408533088656956,0.0021777003484320556,0.01676860065029871
f388,pcent_sex_PartI_7-pcent_sex_PartVI_4,0.0017767906718489728,0.0009398496240601503,0.0011845222426954461,0.002637917192338571,0.0021777003484320556,0.008716780079375196
f389,pcent_sex_PartI_1-pcent_sex_PartI_6,0.000555247084952804,0.00035244360902255637,0.0006580679126085812,0.0006308062851244409,0.00029036004645760743,0.00248692493816599
f390,pcent_ageBin_PartI_3-pcent_ageBin_PartII_3,0.0015546918378678512,0.00035244360902255637,0.0007896814951302974,0.0014909966739304966,0.0008710801393728223,0.005058893755324024
f391,pcent_sex_PartV_3-pcent_sex_PartV_8,0.0008883953359244864,0.0012922932330827067,0.0015793629902605948,0.0017203807776121115,0.001596980255516841,0.00707741259239674
f392,pcent_ageBin_PartI_7-pcent_ageBin_PartV_13,0.0007773459189339256,0.00046992481203007516,0.0007896814951302974,0.00045876820736322975,0.00043554006968641115,0.002931260503143939
f393,pcent_ageBin_PartII_3-pcent_ageBin_PartIII_3,0.0015546918378678512,0.0010573308270676691,0.0031587259805211897,0.0016630347516917077,0.0010162601626016261,0.008450043559750044
f394,pcent_ageBin_PartIV_4-pcent_ageBin_PartV_8,0.0029983342587451417,0.0012922932330827067,0.0025006580679126085,0.0025232251404977636,0.0040650406504065045,0.013379551350644725
f395,pcent_ageBin_PartV_4,0.0,0.00023496240601503758,0.00013161358252171624,0.0006881523110448446,0.0,0.0010547282995815985
f396,pcent_sex_PartIII_1-pcent_sex_PartV_10,0.0021099389228206554,0.0014097744360902255,0.001710976572782311,0.0012616125702488818,0.0008710801393728223,0.007363382641314895
f397,pcent_ageBin_PartI_6-pcent_ageBin_PartII_3,0.000999444752915047,0.00023496240601503758,0.0011845222426954461,0.0013763046220896893,0.0008710801393728223,0.004666314163088043
f398,pcent_sex_PartIV_4-pcent_sex_PartV_1,0.003886729594669628,0.004581766917293233,0.005922611213477231,0.0011469205184080743,0.005662020905923345,0.02120004914977151
f399,pcent_ageBin_PartIV_1-pcent_ageBin_PartV_7,0.0002220988339811216,0.0014097744360902255,0.0,0.0005734602592040372,0.0005807200929152149,0.002786053622190599
f400,pcent_ageBin_PartIV_2-pcent_ageBin_PartV_4,0.000555247084952804,0.0008223684210526315,0.0005264543300868649,0.00017203807776121116,0.00014518002322880372,0.0022212879370823156
f401,pcent_sex_PartI_4-pcent_sex_PartIII_2,0.001110494169905608,0.000587406015037594,0.0003948407475651487,0.001433650648010093,0.00043554006968641115,0.003961931650204855
f402,pcent_sex_PartI_2-pcent_sex_PartV_8,0.000999444752915047,0.0014097744360902255,0.0013161358252171624,0.0015483426998509004,0.0013066202090592336,0.006580317923132569
f403,pcent_sex_PartI_4-pcent_sex_PartIV_3,0.0002220988339811216,0.0,0.0,0.000802844362885652,0.00043554006968641115,0.0014604832665531847
f404,pcent_sex_PartII_3,0.0,0.00035244360902255637,0.0005264543300868649,0.001204266544328478,0.0005807200929152149,0.002663884576353114
f405,pcent_ageBin_PartV_3-pcent_ageBin_PartV_6,0.0004441976679622432,0.0008223684210526315,0.0003948407475651487,0.0025232251404977636,0.00043554006968641115,0.004620172046764198
f406,pcent_ageBin_PartI_7-pcent_ageBin_PartII_4,0.0007773459189339256,0.00011748120300751879,0.0,0.0015483426998509004,0.0005807200929152149,0.00302388991470756
f407,pcent_ageBin_PartV_3-pcent_ageBin_PartV_12,0.0012215435868961689,0.0009398496240601503,0.0014477494077388786,0.0021218029590549374,0.0005807200929152149,0.006311665670665351
f408,pcent_sex_PartI_1-pcent_sex_PartV_4,0.00277623542476402,0.00046992481203007516,0.0009212950776520137,0.0015483426998509004,0.0005807200929152149,0.006296518107212224
f409,pcent_sex_PartI_5-pcent_sex_PartV_13,0.001110494169905608,0.00035244360902255637,0.0006580679126085812,0.000802844362885652,0.00043554006968641115,0.003359390124108809
f410,pcent_ageBin_PartII_1-pcent_ageBin_PartVI_1,0.0006662965019433648,0.0008223684210526315,0.001710976572782311,0.0005734602592040372,0.00043554006968641115,0.004208641824668756
f411,pcent_ageBin_PartV_5-pcent_ageBin_PartVI_2,0.0021099389228206554,0.0019971804511278194,0.0013161358252171624,0.0013189585961692854,0.0023228803716608595,0.009065094166995781
f412,pcent_sex_PartI_8-pcent_sex_PartIV_4,0.0007773459189339256,0.00046992481203007516,0.00026322716504343247,0.0010895744924876707,0.00029036004645760743,0.002890432434952711
f413,pcent_sex_PartI_7-pcent_sex_PartV_8,0.000999444752915047,0.000587406015037594,0.0013161358252171624,0.0011469205184080743,0.0010162601626016261,0.005066167274179504
f414,pcent_ageBin_PartI_8-pcent_ageBin_PartIV_4,0.0003331482509716824,0.00046992481203007516,0.00013161358252171624,0.0006881523110448446,0.0010162601626016261,0.0026390991191699445
f415,pcent_sex_PartI_1-pcent_sex_PartIV_2,0.001998889505830094,0.000587406015037594,0.0014477494077388786,0.0007454983369652483,0.0010162601626016261,0.0057958034281734416
f416,pcent_sex_PartI_1-pcent_sex_PartI_8,0.0006662965019433648,0.00035244360902255637,0.0009212950776520137,0.00045876820736322975,0.00029036004645760743,0.002689163442438772
f417,pcent_sex_PartII_3-pcent_sex_PartVI_3,0.0002220988339811216,0.0009398496240601503,0.0003948407475651487,0.0007454983369652483,0.0007259001161440186,0.003028187658715688
f418,pcent_sex_PartI_5-pcent_sex_PartII_1,0.000999444752915047,0.00023496240601503758,0.0003948407475651487,0.001605688725771304,0.0007259001161440186,0.003960836748410556
f419,pcent_ageBin_PartIII_1-pcent_ageBin_PartVI_3,0.0013325930038867297,0.0012922932330827067,0.0011845222426954461,0.0017203807776121115,0.0005807200929152149,0.006110509350192209
f420,pcent_sex_PartV_1-pcent_sex_PartV_7,0.000999444752915047,0.001644736842105263,0.001710976572782311,0.0014909966739304966,0.0011614401858304297,0.007007595027563548
f421,pcent_ageBin_PartIII_1-pcent_ageBin_PartV_2,0.001665741254858412,0.000587406015037594,0.0005264543300868649,0.0005734602592040372,0.0,0.0033530618591869083
f422,pcent_sex_PartII_4-pcent_sex_PartV_8,0.0013325930038867297,0.0018796992481203006,0.0015793629902605948,0.0006881523110448446,0.0011614401858304297,0.006641247739142899
f423,pcent_sex_PartI_8-pcent_sex_PartV_8,0.0004441976679622432,0.0008223684210526315,0.0009212950776520137,0.0007454983369652483,0.00029036004645760743,0.0032237195500897445
f424,pcent_sex_PartII_2-pcent_sex_PartIV_2,0.0003331482509716824,0.00035244360902255637,0.00026322716504343247,0.00022938410368161487,0.0008710801393728223,0.0020492832680921082
f425,pcent_sex_PartI_5-pcent_sex_PartIII_2,0.0012215435868961689,0.002349624060150376,0.0007896814951302974,0.001605688725771304,0.0008710801393728223,0.006837618007320969
f426,pcent_ageBin_PartI_1-pcent_ageBin_PartV_9,0.0002220988339811216,0.00046992481203007516,0.00013161358252171624,0.0008601903888060558,0.00043554006968641115,0.0021193676870253798
f427,pcent_ageBin_PartI_3-pcent_ageBin_PartV_4,0.0007773459189339256,0.00046992481203007516,0.0006580679126085812,0.0007454983369652483,0.0008710801393728223,0.003521917119910652
f428,pcent_ageBin_PartIV_5-pcent_ageBin_PartV_4,0.0007773459189339256,0.00011748120300751879,0.0006580679126085812,0.0005734602592040372,0.0008710801393728223,0.0029974354331268847
f429,pcent_ageBin_PartIII_2-pcent_ageBin_PartV_7,0.001665741254858412,0.0015272556390977443,0.0007896814951302974,0.002236495010895745,0.0013066202090592336,0.007525793609041433
f430,pcent_sex_PartII_3-pcent_sex_PartV_13,0.0004441976679622432,0.001644736842105263,0.002895498815477757,0.0015483426998509004,0.0008710801393728223,0.007403856164768986
f431,pcent_ageBin_PartIII_3-pcent_ageBin_PartIV_4,0.0006662965019433648,0.00035244360902255637,0.0003948407475651487,0.0006308062851244409,0.0005807200929152149,0.0026251072365707255
f432,pcent_ageBin_PartIII_3-pcent_ageBin_PartV_13,0.0006662965019433648,0.0010573308270676691,0.0005264543300868649,0.0010322284665672669,0.0014518002322880372,0.004734110357953203
f433,pcent_sex_PartI_3-pcent_sex_PartI_4,0.002332037756801777,0.002349624060150376,0.0003948407475651487,0.0014909966739304966,0.00029036004645760743,0.006857859284905405
f434,PartV_2,0.0002220988339811216,0.00023496240601503758,0.00026322716504343247,0.00017203807776121116,0.00043554006968641115,0.001327866552487214
f435,pcent_ageBin_PartI_2-pcent_ageBin_PartV_11,0.001665741254858412,0.0014097744360902255,0.0031587259805211897,0.0010322284665672669,0.0011614401858304297,0.008427910323867523
f436,pcent_ageBin_PartII_2-pcent_ageBin_PartIV_4,0.0013325930038867297,0.00035244360902255637,0.0003948407475651487,0.0009175364147264595,0.00029036004645760743,0.0032877738216585016
f437,pcent_ageBin_PartI_2-pcent_ageBin_PartII_1,0.0015546918378678512,0.0007048872180451127,0.0007896814951302974,0.0005734602592040372,0.0011614401858304297,0.004784160996077728
f438,pcent_ageBin_PartI_4-pcent_ageBin_PartV_4,0.0003331482509716824,0.0007048872180451127,0.0003948407475651487,0.0007454983369652483,0.00029036004645760743,0.0024687346000047995
f439,pcent_sex_PartV_13,0.0004441976679622432,0.0007048872180451127,0.00013161358252171624,0.001605688725771304,0.00029036004645760743,0.0031767472407579836
f440,pcent_sex_PartI_2-pcent_sex_PartI_7,0.0002220988339811216,0.00011748120300751879,0.00026322716504343247,0.0005161142332836334,0.0005807200929152149,0.0016996415282309212
f441,pcent_sex_PartII_4-pcent_sex_PartV_12,0.0004441976679622432,0.0012922932330827067,0.0006580679126085812,0.0008601903888060558,0.0014518002322880372,0.004706549434747624
f442,pcent_ageBin_PartI_6-pcent_ageBin_PartV_4,0.003442531926707385,0.0014097744360902255,0.0010529086601737299,0.0041289138662690674,0.003484320557491289,0.013518449446731695
f443,pcent_ageBin_PartII_1-pcent_ageBin_PartVI_4,0.0003331482509716824,0.0007048872180451127,0.001710976572782311,0.0013763046220896893,0.0005807200929152149,0.00470603675680401
f444,pcent_ageBin_PartIII_2-pcent_ageBin_PartIII_3,0.0017767906718489728,0.001174812030075188,0.0005264543300868649,0.001204266544328478,0.0017421602787456446,0.0064244838550851485
f445,pcent_sex_PartV_7,0.000555247084952804,0.00011748120300751879,0.00026322716504343247,0.000802844362885652,0.0010162601626016261,0.0027550599784910337
f446,pcent_sex_PartV_8-pcent_sex_PartV_9,0.0006662965019433648,0.005639097744360902,0.00026322716504343247,0.0016630347516917077,0.0008710801393728223,0.009102736302412229
f447,pcent_sex_PartI_6-pcent_sex_PartV_8,0.0014436424208772905,0.0019971804511278194,0.0023690444853908922,0.0025232251404977636,0.0008710801393728223,0.009204172637266589
f448,pcent_ageBin_PartI_4-pcent_ageBin_PartVI_1,0.0006662965019433648,0.0007048872180451127,0.0007896814951302974,0.0013763046220896893,0.0013066202090592336,0.004843790046267698
f449,pcent_sex_PartI_8-pcent_sex_PartV_5,0.001665741254858412,0.0007048872180451127,0.0003948407475651487,0.0005734602592040372,0.00043554006968641115,0.003774469549359122
f450,pcent_ageBin_PartII_1-pcent_ageBin_PartIII_1,0.0006662965019433648,0.0,0.0,0.0006881523110448446,0.0,0.0013544488129882096
f451,pcent_ageBin_PartII_4-pcent_ageBin_PartV_8,0.0006662965019433648,0.001174812030075188,0.001710976572782311,0.00045876820736322975,0.001596980255516841,0.005607833567680934
f452,pcent_ageBin_PartI_6-pcent_ageBin_PartV_5,0.0017767906718489728,0.00035244360902255637,0.0031587259805211897,0.0017203807776121115,0.0017421602787456446,0.008750501317750474
f453,pcent_ageBin_PartV_1-pcent_ageBin_PartV_5,0.0007773459189339256,0.0012922932330827067,0.0021058173203474598,0.00200711090721413,0.0045005807200929155,0.010683148099671136
f454,pcent_ageBin_PartI_2-pcent_ageBin_PartV_3,0.0004441976679622432,0.00035244360902255637,0.00013161358252171624,0.001835072829452919,0.0005807200929152149,0.00334404778187465
f455,pcent_sex_PartV_8-pcent_sex_PartV_13,0.004553026096612993,0.0008223684210526315,0.0015793629902605948,0.0021791489849753414,0.0021777003484320556,0.011311606841333616
f456,pcent_sex_PartI_3-pcent_sex_PartIV_5,0.0008883953359244864,0.0007048872180451127,0.0003948407475651487,0.0005161142332836334,0.0005807200929152149,0.003084957627733596
f457,pcent_ageBin_PartI_4-pcent_ageBin_PartV_3,0.0003331482509716824,0.000587406015037594,0.0005264543300868649,0.0014909966739304966,0.0007259001161440186,0.0036639053861706565
f458,pcent_ageBin_PartI_4-pcent_ageBin_PartV_12,0.002220988339811216,0.0010573308270676691,0.0003948407475651487,0.001204266544328478,0.0014518002322880372,0.006329226691060549
f459,pcent_sex_PartI_6-pcent_sex_PartIV_4,0.0013325930038867297,0.0008223684210526315,0.0010529086601737299,0.0018924188553733226,0.00029036004645760743,0.005390648986944021
f460,pcent_ageBin_PartI_1-pcent_ageBin_PartV_5,0.0003331482509716824,0.00046992481203007516,0.00026322716504343247,0.00045876820736322975,0.0005807200929152149,0.0021057885283236348
f461,pcent_ageBin_PartI_2-pcent_ageBin_PartIII_1,0.0008883953359244864,0.00035244360902255637,0.0005264543300868649,0.0005161142332836334,0.00029036004645760743,0.002573767554775149
f462,pcent_sex_PartIV_4-pcent_sex_PartV_8,0.0007773459189339256,0.0021146616541353382,0.00026322716504343247,0.0013189585961692854,0.0010162601626016261,0.005490453496883608
f463,pcent_ageBin_PartV_8-pcent_ageBin_PartV_13,0.00410882842865075,0.00046992481203007516,0.0010529086601737299,0.0017777268035325151,0.0045005807200929155,0.011909969424479985
f464,pcent_sex_PartI_4-pcent_sex_PartVI_4,0.0001110494169905608,0.0010573308270676691,0.0011845222426954461,0.0019497648812937262,0.0007259001161440186,0.005028567484191421
f465,pcent_ageBin_PartIII_1-pcent_ageBin_PartV_5,0.000555247084952804,0.0019971804511278194,0.0005264543300868649,0.0010322284665672669,0.00029036004645760743,0.004401470379192363
f466,pcent_ageBin_PartVI_2-pcent_ageBin_PartV_12,0.006329816768461965,0.008223684210526315,0.0009212950776520137,0.007053561188209657,0.006097560975609756,0.028625918220459706
f467,pcent_sex_PartI_7-pcent_sex_PartV_12,0.000555247084952804,0.0014097744360902255,0.0007896814951302974,0.001433650648010093,0.0011614401858304297,0.0053497938500138495
f468,pcent_ageBin_PartII_3-pcent_ageBin_PartVI_2,0.001665741254858412,0.00046992481203007516,0.00026322716504343247,0.0008601903888060558,0.0005807200929152149,0.0038398037136531905
f469,pcent_ageBin_PartIII_2-pcent_ageBin_PartV_8,0.0017767906718489728,0.0035244360902255637,0.0021058173203474598,0.00200711090721413,0.0014518002322880372,0.010865955221924163
f470,pcent_ageBin_PartI_6-pcent_ageBin_PartV_12,0.006662965019433648,0.0025845864661654134,0.0023690444853908922,0.00602133272164239,0.00029036004645760743,0.01792828873908995
f471,pcent_ageBin_PartIII_2-pcent_ageBin_PartVI_4,0.0014436424208772905,0.0010573308270676691,0.0005264543300868649,0.00200711090721413,0.00043554006968641115,0.005470078554932365
f472,pcent_ageBin_PartI_6-pcent_ageBin_PartIV_2,0.003997779011660188,0.0021146616541353382,0.0047380889707817845,0.0035554536070650303,0.0039198606271777,0.018325843870820042
f473,pcent_sex_PartIII_2-pcent_sex_PartV_5,0.0008883953359244864,0.001174812030075188,0.0006580679126085812,0.0014909966739304966,0.0005807200929152149,0.004792992045453966
f474,pcent_ageBin_PartI_3-pcent_ageBin_PartV_1,0.0012215435868961689,0.001174812030075188,0.0014477494077388786,0.001433650648010093,0.0014518002322880372,0.006729555905008366
f475,pcent_sex_PartII_4-pcent_sex_PartIV_2,0.0006662965019433648,0.00011748120300751879,0.00026322716504343247,0.00045876820736322975,0.0005807200929152149,0.0020864931702727603
f476,pcent_ageBin_PartV_8-pcent_ageBin_PartVI_2,0.0008883953359244864,0.00035244360902255637,0.0010529086601737299,0.0010895744924876707,0.0017421602787456446,0.005125482376354087
f477,pcent_sex_PartII_2-pcent_sex_PartIV_4,0.0012215435868961689,0.0012922932330827067,0.0006580679126085812,0.001204266544328478,0.0040650406504065045,0.008441211927322438
f478,pcent_sex_PartII_4-pcent_sex_PartV_2,0.0006662965019433648,0.00046992481203007516,0.0007896814951302974,0.0008601903888060558,0.0011614401858304297,0.003947533383740223
f479,pcent_sex_PartI_4-pcent_sex_PartVI_3,0.0006662965019433648,0.00023496240601503758,0.0003948407475651487,0.0012616125702488818,0.00043554006968641115,0.002993252295458844
f480,pcent_sex_PartI_3-pcent_sex_PartIV_1,0.0006662965019433648,0.00046992481203007516,0.0006580679126085812,0.0005734602592040372,0.00029036004645760743,0.0026581095322436655
f481,pcent_sex_PartI_7-pcent_sex_PartII_2,0.0006662965019433648,0.00011748120300751879,0.00026322716504343247,0.00045876820736322975,0.00014518002322880372,0.0016509531005863493
f482,pcent_sex_PartVI_2-pcent_sex_PartV_12,0.001110494169905608,0.002349624060150376,0.0003948407475651487,0.0011469205184080743,0.0014518002322880372,0.006453679728317244
f483,pcent_sex_PartI_6-pcent_sex_PartII_4,0.0007773459189339256,0.0008223684210526315,0.0006580679126085812,0.0005734602592040372,0.00043554006968641115,0.0032667825814855864
f484,pcent_sex_PartIII_1-pcent_sex_PartV_8,0.0017767906718489728,0.0014097744360902255,0.001710976572782311,0.0018924188553733226,0.0010162601626016261,0.0078062206986964575
f485,pcent_sex_PartV_5-pcent_sex_PartVI_2,0.0015546918378678512,0.002232142857142857,0.0025006580679126085,0.0016630347516917077,0.0020325203252032522,0.009983047839818278
f486,pcent_sex_PartI_3-pcent_sex_PartIII_1,0.0021099389228206554,0.0021146616541353382,0.0019742037378257435,0.00045876820736322975,0.0024680603948896633,0.00912563291703463
f487,pcent_ageBin_PartV_7-pcent_ageBin_PartV_13,0.0013325930038867297,0.0025845864661654134,0.0005264543300868649,0.0014909966739304966,0.0010162601626016261,0.00695089063667113
f488,pcent_sex_PartII_1-pcent_sex_PartV_11,0.0008883953359244864,0.000587406015037594,0.0009212950776520137,0.0013763046220896893,0.00043554006968641115,0.004208941120390194
f489,pcent_ageBin_PartI_8-pcent_ageBin_PartV_6,0.0012215435868961689,0.0007048872180451127,0.00026322716504343247,0.0006881523110448446,0.0005807200929152149,0.0034585303739447736
f490,pcent_sex_PartI_6-pcent_sex_PartIII_3,0.0002220988339811216,0.0008223684210526315,0.0005264543300868649,0.0009748824406468631,0.0007259001161440186,0.0032717041419114998
f491,pcent_ageBin_PartI_2-pcent_ageBin_PartIV_5,0.0002220988339811216,0.0014097744360902255,0.00026322716504343247,0.0005734602592040372,0.00029036004645760743,0.0027589207407764244
f492,pcent_ageBin_PartV_7-pcent_ageBin_PartV_8,0.0015546918378678512,0.0014097744360902255,0.0009212950776520137,0.002867301296020186,0.0008710801393728223,0.0076241427870030985
f493,pcent_ageBin_PartI_3-pcent_ageBin_PartV_10,0.0018878400888395336,0.000587406015037594,0.0013161358252171624,0.0017777268035325151,0.0014518002322880372,0.007020908964914843
f494,pcent_sex_PartII_1-pcent_sex_PartV_6,0.0004441976679622432,0.00011748120300751879,0.0006580679126085812,0.001605688725771304,0.00029036004645760743,0.0031157955558072546
f495,pcent_sex_PartI_7-pcent_sex_PartV_10,0.000555247084952804,0.0008223684210526315,0.0007896814951302974,0.0012616125702488818,0.00043554006968641115,0.003864449641071026
f496,pcent_sex_PartII_4,0.000555247084952804,0.0,0.0006580679126085812,0.0005161142332836334,0.0007259001161440186,0.0024553293469890373
f497,pcent_sex_PartI_2-pcent_sex_PartV_10,0.0025541365907828985,0.0014097744360902255,0.0007896814951302974,0.0011469205184080743,0.0014518002322880372,0.007352313272699533
f498,pcent_sex_PartI_4-pcent_sex_PartVI_2,0.0002220988339811216,0.00046992481203007516,0.0,0.00045876820736322975,0.0014518002322880372,0.0026025920856624636
f499,pcent_ageBin_PartI_3-pcent_ageBin_PartI_4,0.0008883953359244864,0.0008223684210526315,0.0011845222426954461,0.000802844362885652,0.0010162601626016261,0.004714390525159842
